Periode,W_Long_P1,W_Short_P1,W_Long_C1,W_Short_C1,W_Long_P2,W_Short_P2,W_Long_C2,W_Short_C2,Best_d,RunID,Gamma,Seed
2013-04-19,0.019999837718577544,0.0,0.0,0.0031205595342997366,0.00538716514984884,0.0,0.017717413932108638,0.0,5,20260216_131938_gamma=10_sB=0.02_lB=0.02_Max_diff=0.05_VOL=all_VolMeth=rv,10,999
2013-05-17,0.019965026287358537,0.0,0.007223834717414516,0.0,0.0,0.0025412031110974686,0.013659890469751293,0.0,1,20260216_131938_gamma=10_sB=0.02_lB=0.02_Max_diff=0.05_VOL=all_VolMeth=rv,10,999
2013-06-21,0.0,0.01999912745545517,0.00999922633552247,0.0,0.0,0.019999989632942243,0.0,0.0199999904020058,1,20260216_131938_gamma=10_sB=0.02_lB=0.02_Max_diff=0.05_VOL=all_VolMeth=rv,10,999
2013-07-19,0.0,0.019999991828460583,0.010000049363703222,0.0,0.0,0.019999995232029416,0.0,0.019999994933869683,1,20260216_131938_gamma=10_sB=0.02_lB=0.02_Max_diff=0.05_VOL=all_VolMeth=rv,10,999
2013-08-16,0.0,0.016474925410956433,0.006473015104519153,0.0,0.0,0.019999924902862214,0.0,0.019998075662126927,1,20260216_131938_gamma=10_sB=0.02_lB=0.02_Max_diff=0.05_VOL=all_VolMeth=rv,10,999
2013-09-20,0.01786805489611991,0.0,0.0,1.2476727056631657e-06,0.0,0.006082275273922665,0.014823723349436076,0.0,1,20260216_131938_gamma=10_sB=0.02_lB=0.02_Max_diff=0.05_VOL=all_VolMeth=rv,10,999
2013-10-18,0.01999980448895592,0.0,0.016960538495913603,0.0,0.002749175847473953,0.0,0.010771084883234161,0.0,10,20260216_131938_gamma=10_sB=0.02_lB=0.02_Max_diff=0.05_VOL=all_VolMeth=rv,10,999
2013-11-15,0.0,0.006102355192547327,0.0,0.012913911211582241,0.0,0.019999235715341887,0.0006205377293900795,0.0,1,20260216_131938_gamma=10_sB=0.02_lB=0.02_Max_diff=0.05_VOL=all_VolMeth=rv,10,999
2013-12-20,0.019999875027988705,0.0,0.0,0.0021088287154315735,0.0,0.0007723863806543861,0.01999975945221431,0.0,5,20260216_131938_gamma=10_sB=0.02_lB=0.02_Max_diff=0.05_VOL=all_VolMeth=rv,10,999
2014-01-17,0.0,0.016355052815296686,0.0,0.013639000865578184,0.0,0.019999942524289913,0.0,0.0,1,20260216_131938_gamma=10_sB=0.02_lB=0.02_Max_diff=0.05_VOL=all_VolMeth=rv,10,999
2014-02-21,0.0,0.01999899831021113,0.009999272887126018,0.0,0.0,0.019999972673609083,0.0,0.019999982926566767,1,20260216_131938_gamma=10_sB=0.02_lB=0.02_Max_diff=0.05_VOL=all_VolMeth=rv,10,999
2014-03-21,0.0,0.01999908336677032,0.009984762114531509,0.0,0.0,0.01999997991490141,0.0,0.019985018173847922,1,20260216_131938_gamma=10_sB=0.02_lB=0.02_Max_diff=0.05_VOL=all_VolMeth=rv,10,999
2014-04-17,0.0,0.019999647671882656,0.009999729760184274,0.0,0.0,0.01999999506574631,0.0,0.019999995997368073,1,20260216_131938_gamma=10_sB=0.02_lB=0.02_Max_diff=0.05_VOL=all_VolMeth=rv,10,999
2014-05-16,0.0,0.014058107862980252,0.0,0.012641212174073857,0.0,0.019999986836379935,0.0,0.0033005775110205734,1,20260216_131938_gamma=10_sB=0.02_lB=0.02_Max_diff=0.05_VOL=all_VolMeth=rv,10,999
2014-06-20,0.0,0.019985597506696214,0.009985681552110062,0.0,0.0,0.020000002198936554,0.0,0.01999999072445843,1,20260216_131938_gamma=10_sB=0.02_lB=0.02_Max_diff=0.05_VOL=all_VolMeth=rv,10,999
2014-07-18,0.01999988173742776,0.0,0.0,0.013455465399775554,0.0,0.0029506141225351034,0.016197822461333385,0.0,1,20260216_131938_gamma=10_sB=0.02_lB=0.02_Max_diff=0.05_VOL=all_VolMeth=rv,10,999
2014-08-15,0.0,0.019999971750508976,0.009999990142281385,0.0,0.0,0.019999975610987927,0.0,0.019999975610987923,1,20260216_131938_gamma=10_sB=0.02_lB=0.02_Max_diff=0.05_VOL=all_VolMeth=rv,10,999
2014-09-19,0.010000002732369003,0.0,0.0,0.02,0.0,0.02,0.0,0.02,1,20260216_131938_gamma=10_sB=0.02_lB=0.02_Max_diff=0.05_VOL=all_VolMeth=rv,10,999
2014-10-17,0.019999792552870068,0.0,0.0,0.00523770060150508,0.0,0.01300046626860595,0.01999987144241528,0.0,1,20260216_131938_gamma=10_sB=0.02_lB=0.02_Max_diff=0.05_VOL=all_VolMeth=rv,10,999
2014-11-21,0.0,0.01999997417888036,0.007101441872714263,0.0,0.0,0.019999990012361246,0.0,0.017101059304606838,10,20260216_131938_gamma=10_sB=0.02_lB=0.02_Max_diff=0.05_VOL=all_VolMeth=rv,10,999
2014-12-19,0.019999860691323104,0.0,2.712657389921307e-05,0.0,0.005812922619471214,0.0,0.019999867253781636,0.0,5,20260216_131938_gamma=10_sB=0.02_lB=0.02_Max_diff=0.05_VOL=all_VolMeth=rv,10,999
2015-01-16,0.01999978175279877,0.0,0.0,0.0010499086942930445,0.0,0.006147289242835973,0.019999936882033515,0.0,1,20260216_131938_gamma=10_sB=0.02_lB=0.02_Max_diff=0.05_VOL=all_VolMeth=rv,10,999
2015-02-20,0.0,0.019997295316882956,0.0,0.0022981984244697952,0.0,0.019999993615832802,0.0,0.007704599830758401,5,20260216_131938_gamma=10_sB=0.02_lB=0.02_Max_diff=0.05_VOL=all_VolMeth=rv,10,999
2015-03-20,0.019999824044836297,0.0,0.0,0.01636203698482454,0.0,0.002921688334230008,0.01999866610559473,0.0,10,20260216_131938_gamma=10_sB=0.02_lB=0.02_Max_diff=0.05_VOL=all_VolMeth=rv,10,999
2015-04-17,0.0199999086943565,0.0,0.0,0.0025933702313484857,0.0,0.0012042576611140093,0.0199998223438193,0.0,1,20260216_131938_gamma=10_sB=0.02_lB=0.02_Max_diff=0.05_VOL=all_VolMeth=rv,10,999
2015-05-15,0.0,0.019999881054313173,0.009999851755022639,0.0,0.0,0.019999965740373504,0.0,0.02,1,20260216_131938_gamma=10_sB=0.02_lB=0.02_Max_diff=0.05_VOL=all_VolMeth=rv,10,999
2015-06-19,0.01999951538742628,0.0,0.0,0.005179094790828616,0.0,0.019243981525675524,0.013224811235878304,0.0,10,20260216_131938_gamma=10_sB=0.02_lB=0.02_Max_diff=0.05_VOL=all_VolMeth=rv,10,999
2015-07-17,0.009999883664678157,0.0,0.0,0.019999889183475183,0.0,0.01999999810634395,0.0,0.01999999810634395,1,20260216_131938_gamma=10_sB=0.02_lB=0.02_Max_diff=0.05_VOL=all_VolMeth=rv,10,999
2015-08-21,0.019999950570341086,0.0,0.012572854433199861,0.0,0.012113155589324924,0.0,0.019999946881792376,0.0,1,20260216_131938_gamma=10_sB=0.02_lB=0.02_Max_diff=0.05_VOL=all_VolMeth=rv,10,999
2015-09-18,0.01999974295028757,0.0,0.009068185883588275,0.0,0.0014334119648438347,0.0,0.019999935768728796,0.0,20,20260216_131938_gamma=10_sB=0.02_lB=0.02_Max_diff=0.05_VOL=all_VolMeth=rv,10,999
2015-10-16,0.019999911419038473,0.0,0.0,0.0015562660119660403,0.0020243862291831043,0.0,0.01999996939323274,0.0,60,20260216_131938_gamma=10_sB=0.02_lB=0.02_Max_diff=0.05_VOL=all_VolMeth=rv,10,999
2015-11-20,0.019999733844350793,0.0,0.0,0.01566979596340063,0.0,0.0035694494874517345,0.019999918557790673,0.0,60,20260216_131938_gamma=10_sB=0.02_lB=0.02_Max_diff=0.05_VOL=all_VolMeth=rv,10,999
2015-12-18,0.019999774230010627,0.0,0.004659835432520905,0.0,0.0053694196683237915,0.0,0.019999836435449874,0.0,1,20260216_131938_gamma=10_sB=0.02_lB=0.02_Max_diff=0.05_VOL=all_VolMeth=rv,10,999
2016-01-15,0.019999908858567766,0.0,0.01058886272044724,0.0,0.0,3.950695638581445e-06,0.019999786437889754,0.0,1,20260216_131938_gamma=10_sB=0.02_lB=0.02_Max_diff=0.05_VOL=all_VolMeth=rv,10,999
2016-02-19,0.0,0.02,0.009999998803862658,0.0,0.0,0.019999991804641702,0.0,0.02,1,20260216_131938_gamma=10_sB=0.02_lB=0.02_Max_diff=0.05_VOL=all_VolMeth=rv,10,999
2016-03-18,0.01999876909558565,0.0,0.0,0.009353269793906157,0.0,1.9529136793229357e-06,0.019999958600186166,0.0,60,20260216_131938_gamma=10_sB=0.02_lB=0.02_Max_diff=0.05_VOL=all_VolMeth=rv,10,999
2016-04-15,0.0,0.01999999992222193,0.010000000000551271,0.0,0.0,0.02,0.0,0.01999999997643374,1,20260216_131938_gamma=10_sB=0.02_lB=0.02_Max_diff=0.05_VOL=all_VolMeth=rv,10,999
2016-05-20,0.004868662039087935,0.0,0.0,0.01999246558707701,0.0,0.006220534924433429,0.019455769475473356,0.0,10,20260216_131938_gamma=10_sB=0.02_lB=0.02_Max_diff=0.05_VOL=all_VolMeth=rv,10,999
2016-06-17,0.0,0.019999896194686964,0.007143531931305418,0.0,0.0,0.019999989734549493,0.0,0.01714312838934144,1,20260216_131938_gamma=10_sB=0.02_lB=0.02_Max_diff=0.05_VOL=all_VolMeth=rv,10,999
2016-07-15,0.0,0.02,0.010000000977004356,0.0,0.0,0.02,0.0,0.02,1,20260216_131938_gamma=10_sB=0.02_lB=0.02_Max_diff=0.05_VOL=all_VolMeth=rv,10,999
2016-08-19,0.0,0.01998614187522427,0.009986406663516181,0.0,0.0,0.01999999575169705,0.0,0.019999988420858344,1,20260216_131938_gamma=10_sB=0.02_lB=0.02_Max_diff=0.05_VOL=all_VolMeth=rv,10,999
2016-09-16,0.0,0.019995726110550456,0.006026123662702057,0.0,0.0,0.019999947809314068,0.0,0.016030008127681298,1,20260216_131938_gamma=10_sB=0.02_lB=0.02_Max_diff=0.05_VOL=all_VolMeth=rv,10,999
2016-10-21,0.0,0.019999776173875865,0.00999952457326483,0.0,0.0,0.01999987951379796,0.0,0.01999987951379796,1,20260216_131938_gamma=10_sB=0.02_lB=0.02_Max_diff=0.05_VOL=all_VolMeth=rv,10,999
2016-11-18,0.0,0.016081964454642793,0.006082325323323076,0.0,0.0,0.019999985703898472,0.0,0.019999992201955384,1,20260216_131938_gamma=10_sB=0.02_lB=0.02_Max_diff=0.05_VOL=all_VolMeth=rv,10,999
2016-12-16,0.0,0.0002146070330420437,0.0,0.00978621839565228,0.0,0.019999982642276325,0.0,0.019999959857000937,1,20260216_131938_gamma=10_sB=0.02_lB=0.02_Max_diff=0.05_VOL=all_VolMeth=rv,10,999
2017-01-20,0.0,0.01742611691744119,0.0,0.009208801402146154,0.0,0.01999993289460848,0.0,0.003363994706255088,10,20260216_131938_gamma=10_sB=0.02_lB=0.02_Max_diff=0.05_VOL=all_VolMeth=rv,10,999
2017-02-17,0.0,0.01686808275257376,0.006868128339847203,0.0,0.0,0.019999980760877806,0.0,0.01999997230678755,1,20260216_131938_gamma=10_sB=0.02_lB=0.02_Max_diff=0.05_VOL=all_VolMeth=rv,10,999
2017-03-17,0.0,1.7070128143683922e-06,0.0,0.009998292977137039,0.0,0.019999999572313562,0.0,0.019999999572313562,1,20260216_131938_gamma=10_sB=0.02_lB=0.02_Max_diff=0.05_VOL=all_VolMeth=rv,10,999
2017-04-21,0.0,0.014036927098413648,0.0,0.0004957956318315803,0.0,0.019999984484342336,0.0,0.015467586510536764,1,20260216_131938_gamma=10_sB=0.02_lB=0.02_Max_diff=0.05_VOL=all_VolMeth=rv,10,999
2017-05-19,0.019999935885616566,0.0,0.0,0.019996901206975455,0.0,0.002912987510844972,0.0199993882481768,0.0,5,20260216_131938_gamma=10_sB=0.02_lB=0.02_Max_diff=0.05_VOL=all_VolMeth=rv,10,999
2017-06-16,0.0,0.010000591882095287,0.0,0.0,0.0,0.01999999765449469,0.0,0.01999999765449469,1,20260216_131938_gamma=10_sB=0.02_lB=0.02_Max_diff=0.05_VOL=all_VolMeth=rv,10,999
2017-07-21,0.0,0.01999999921658957,0.010000002240386286,0.0,0.0,0.01999999957256294,0.0,0.01999999957256294,1,20260216_131938_gamma=10_sB=0.02_lB=0.02_Max_diff=0.05_VOL=all_VolMeth=rv,10,999
2017-08-18,0.0,0.019978869629297992,0.009979007603934477,0.0,0.0,0.019999985451961928,0.0,0.019999977307689168,1,20260216_131938_gamma=10_sB=0.02_lB=0.02_Max_diff=0.05_VOL=all_VolMeth=rv,10,999
2017-09-15,0.0,0.019989638307178703,0.009989572350245108,0.0,0.0,0.019999994353218874,0.0,0.019999741545839864,1,20260216_131938_gamma=10_sB=0.02_lB=0.02_Max_diff=0.05_VOL=all_VolMeth=rv,10,999
2017-10-20,0.0,0.019992222006796564,0.0,0.0020655015254300428,0.0,0.019999990508167385,0.0,0.007942199708970745,10,20260216_131938_gamma=10_sB=0.02_lB=0.02_Max_diff=0.05_VOL=all_VolMeth=rv,10,999
2017-11-17,0.0,0.01999931049386645,0.0,0.004578535120313692,0.0,0.019999987834856302,0.0,0.0054224648449136895,1,20260216_131938_gamma=10_sB=0.02_lB=0.02_Max_diff=0.05_VOL=all_VolMeth=rv,10,999
2017-12-15,0.01999997829537161,0.0,0.004809539337494461,0.0,0.0,2.5266521119068628e-05,0.016076648248153247,0.0,1,20260216_131938_gamma=10_sB=0.02_lB=0.02_Max_diff=0.05_VOL=all_VolMeth=rv,10,999
2018-01-19,0.009018270118513484,0.0,0.009303451339239635,0.0,0.0,0.019999988395473636,0.00115782119698617,0.0,60,20260216_131938_gamma=10_sB=0.02_lB=0.02_Max_diff=0.05_VOL=all_VolMeth=rv,10,999
2018-02-16,0.019999854200208594,0.0,0.0,0.0024694174607240086,0.005730835956610046,0.0,0.019999449565431513,0.0,10,20260216_131938_gamma=10_sB=0.02_lB=0.02_Max_diff=0.05_VOL=all_VolMeth=rv,10,999
2018-03-16,0.0,0.009984781197333582,0.0,1.537760018769025e-05,0.0,0.019999906578659514,0.0,0.019999896293940788,1,20260216_131938_gamma=10_sB=0.02_lB=0.02_Max_diff=0.05_VOL=all_VolMeth=rv,10,999
2018-04-20,0.01999988192425198,0.0,1.8589252403770586e-06,0.0,5.122552896305671e-05,0.0,0.019999892662279,0.0,60,20260216_131938_gamma=10_sB=0.02_lB=0.02_Max_diff=0.05_VOL=all_VolMeth=rv,10,999
2018-05-18,0.0,0.01999896010023694,0.009994788546065676,0.0,0.0,0.019999917501220297,0.0,0.019995075112554366,1,20260216_131938_gamma=10_sB=0.02_lB=0.02_Max_diff=0.05_VOL=all_VolMeth=rv,10,999
2018-06-15,0.0,0.014685665795241934,0.0046856646973503,0.0,0.0,0.019999997912632322,0.0,0.019999997912632322,1,20260216_131938_gamma=10_sB=0.02_lB=0.02_Max_diff=0.05_VOL=all_VolMeth=rv,10,999
2018-07-20,0.0,0.019999990535544427,0.00999999139779464,0.0,0.0,0.02,0.0,0.01999999560639194,1,20260216_131938_gamma=10_sB=0.02_lB=0.02_Max_diff=0.05_VOL=all_VolMeth=rv,10,999
2018-08-17,0.0,0.01140214701633141,0.0,0.011845939009388417,0.0,0.01999999554408386,0.0,0.006751503454790472,1,20260216_131938_gamma=10_sB=0.02_lB=0.02_Max_diff=0.05_VOL=all_VolMeth=rv,10,999
2018-09-21,0.009921274322728525,0.0,0.0,0.01992119373257548,0.0,0.019999988712413222,0.0,0.019999988712413222,1,20260216_131938_gamma=10_sB=0.02_lB=0.02_Max_diff=0.05_VOL=all_VolMeth=rv,10,999
2018-10-19,0.009999958148528653,0.0,0.0,0.019999879713983613,0.0,0.019999987122693807,0.0,0.019999987122693814,1,20260216_131938_gamma=10_sB=0.02_lB=0.02_Max_diff=0.05_VOL=all_VolMeth=rv,10,999
2018-11-16,0.0,0.00925882044810574,0.0,0.0007411978018532384,0.0,0.019999984342867396,0.0,0.019999990638545618,1,20260216_131938_gamma=10_sB=0.02_lB=0.02_Max_diff=0.05_VOL=all_VolMeth=rv,10,999
2018-12-21,0.019996950195833942,0.0,0.0030324423044612403,0.0,0.0,0.005082433322405565,0.0199995706169795,0.0,1,20260216_131938_gamma=10_sB=0.02_lB=0.02_Max_diff=0.05_VOL=all_VolMeth=rv,10,999
2019-01-18,0.01999984282212636,0.0,0.005280435585776669,0.0,0.004704501415437244,0.0,0.01999996629255736,0.0,20,20260216_131938_gamma=10_sB=0.02_lB=0.02_Max_diff=0.05_VOL=all_VolMeth=rv,10,999
2019-02-15,0.019999881753966862,0.0,0.0,0.004093757420040975,0.0018088810555792108,0.0,0.019999931870204473,0.0,60,20260216_131938_gamma=10_sB=0.02_lB=0.02_Max_diff=0.05_VOL=all_VolMeth=rv,10,999
2019-03-15,0.01999841056352333,0.0,0.0,0.0,0.00034940715897830034,0.0,0.011373923223255044,0.0,60,20260216_131938_gamma=10_sB=0.02_lB=0.02_Max_diff=0.05_VOL=all_VolMeth=rv,10,999
2019-04-18,0.0,0.013234365547131593,0.003234188325842933,0.0,0.0,0.019999997784253303,0.0,0.0199999976731498,1,20260216_131938_gamma=10_sB=0.02_lB=0.02_Max_diff=0.05_VOL=all_VolMeth=rv,10,999
2019-05-17,0.019999920110248297,0.0,0.0,0.0037494200057042134,0.0,0.0044365230700161885,0.019999970978798343,0.0,5,20260216_131938_gamma=10_sB=0.02_lB=0.02_Max_diff=0.05_VOL=all_VolMeth=rv,10,999
2019-06-21,0.0,0.0007522583974685469,0.0,0.009247801171828225,0.0,0.019999974236102818,0.0,0.019999974645633904,1,20260216_131938_gamma=10_sB=0.02_lB=0.02_Max_diff=0.05_VOL=all_VolMeth=rv,10,999
2019-07-19,0.019998470779321865,0.0,0.0,0.013559878014753746,0.0,0.014238334538400144,0.015479072104683082,0.0,60,20260216_131938_gamma=10_sB=0.02_lB=0.02_Max_diff=0.05_VOL=all_VolMeth=rv,10,999
2019-08-16,0.019999950806582272,0.0,0.0,0.0,0.0,0.001313314364296197,0.01999999027481606,0.0,5,20260216_131938_gamma=10_sB=0.02_lB=0.02_Max_diff=0.05_VOL=all_VolMeth=rv,10,999
2019-09-20,0.0,0.019999783937612356,0.009999577520782225,0.0,0.0,0.019999991281568232,0.0,0.01999933943601319,5,20260216_131938_gamma=10_sB=0.02_lB=0.02_Max_diff=0.05_VOL=all_VolMeth=rv,10,999
2019-10-18,0.019999811233637206,0.0,0.0,0.011786541646820461,0.0,0.0034807150991448786,0.019999975740667246,0.0,60,20260216_131938_gamma=10_sB=0.02_lB=0.02_Max_diff=0.05_VOL=all_VolMeth=rv,10,999
2019-11-15,0.0,0.01609802851104668,0.006095425508617498,0.0,0.0,0.019999983048344848,0.0,0.01999747235353061,10,20260216_131938_gamma=10_sB=0.02_lB=0.02_Max_diff=0.05_VOL=all_VolMeth=rv,10,999
2019-12-20,0.0199999245027634,0.0,0.0,0.0039903261132398105,0.0,0.01053854972675132,0.01348232609316013,0.0,60,20260216_131938_gamma=10_sB=0.02_lB=0.02_Max_diff=0.05_VOL=all_VolMeth=rv,10,999
2020-01-17,0.0,0.01175962766679832,0.0,0.017629483191157792,0.0,0.019999970758173127,0.0,0.0006071389338935664,1,20260216_131938_gamma=10_sB=0.02_lB=0.02_Max_diff=0.05_VOL=all_VolMeth=rv,10,999
2020-02-21,0.01999989281882923,0.0,0.0,0.010283289124304037,0.0,0.008275452410933434,0.019999982881537155,0.0,1,20260216_131938_gamma=10_sB=0.02_lB=0.02_Max_diff=0.05_VOL=all_VolMeth=rv,10,999
2020-03-20,0.019999569505057373,0.0,0.01999910011908805,0.0,0.014068178427535844,0.0,0.01999987096285657,0.0,10,20260216_131938_gamma=10_sB=0.02_lB=0.02_Max_diff=0.05_VOL=all_VolMeth=rv,10,999
2020-04-17,0.019999794987570846,0.0,0.017282342170423435,0.0,0.015092124187545472,0.0,0.0199999128775245,0.0,30,20260216_131938_gamma=10_sB=0.02_lB=0.02_Max_diff=0.05_VOL=all_VolMeth=rv,10,999
2020-05-15,0.019999931548164745,0.0,0.00971066667192267,0.0,0.008610778483605726,0.0,0.01999998742578129,0.0,60,20260216_131938_gamma=10_sB=0.02_lB=0.02_Max_diff=0.05_VOL=all_VolMeth=rv,10,999
2020-06-19,0.0,0.01999998419070636,0.009999843798434846,0.0,0.0,0.019999992236160873,0.0,0.01999988922175269,1,20260216_131938_gamma=10_sB=0.02_lB=0.02_Max_diff=0.05_VOL=all_VolMeth=rv,10,999
2020-07-17,0.0,0.019999478638611005,0.009999440939321903,0.0,0.0,0.01999998308152749,0.0,0.019999984232251692,1,20260216_131938_gamma=10_sB=0.02_lB=0.02_Max_diff=0.05_VOL=all_VolMeth=rv,10,999
2020-08-21,0.0,0.019997847929968622,0.009998053098212889,0.0,0.0,0.019999983368119888,0.0,0.019999988380054356,5,20260216_131938_gamma=10_sB=0.02_lB=0.02_Max_diff=0.05_VOL=all_VolMeth=rv,10,999
2020-09-18,0.019999191147476527,0.0,0.0,0.010200676787985571,0.0,0.01174046126351364,0.019999856725623887,0.0,10,20260216_131938_gamma=10_sB=0.02_lB=0.02_Max_diff=0.05_VOL=all_VolMeth=rv,10,999
2020-10-16,0.0,0.019999998939562946,0.010000033175049538,0.0,0.0,0.01999999893956295,0.0,0.01999999893956295,1,20260216_131938_gamma=10_sB=0.02_lB=0.02_Max_diff=0.05_VOL=all_VolMeth=rv,10,999
2020-11-20,0.01999833087081287,0.0,0.0046802876407316275,0.0,0.0,0.007129254322015649,0.01999991669946148,0.0,20,20260216_131938_gamma=10_sB=0.02_lB=0.02_Max_diff=0.05_VOL=all_VolMeth=rv,10,999
2020-12-18,0.0,0.014486469050778125,0.004486437506550993,0.0,0.0,0.01999998397732497,0.0,0.01999997894357659,1,20260216_131938_gamma=10_sB=0.02_lB=0.02_Max_diff=0.05_VOL=all_VolMeth=rv,10,999
2021-01-15,0.0,0.019996729002168617,0.009996580654756606,0.0,0.0,0.01999998871934472,0.0,0.019999850332632078,5,20260216_131938_gamma=10_sB=0.02_lB=0.02_Max_diff=0.05_VOL=all_VolMeth=rv,10,999
2021-02-19,0.0,0.019981915208074703,0.009981876455383367,0.0,0.0,0.019999980263027944,0.0,0.019999979769310398,1,20260216_131938_gamma=10_sB=0.02_lB=0.02_Max_diff=0.05_VOL=all_VolMeth=rv,10,999
2021-03-19,0.0,0.019999952925309858,0.010000615252919705,0.0,0.0,0.019999950373257747,0.0,0.019999950373257747,1,20260216_131938_gamma=10_sB=0.02_lB=0.02_Max_diff=0.05_VOL=all_VolMeth=rv,10,999
2021-04-16,0.0,0.01999947470618018,0.00999825774114615,0.0,0.0,0.019999995094641457,0.0,0.019998550530020264,1,20260216_131938_gamma=10_sB=0.02_lB=0.02_Max_diff=0.05_VOL=all_VolMeth=rv,10,999
2021-05-21,0.0,0.02,0.010000004175005099,0.0,0.0,0.02,0.0,0.02,1,20260216_131938_gamma=10_sB=0.02_lB=0.02_Max_diff=0.05_VOL=all_VolMeth=rv,10,999
2021-06-17,0.009999991424830134,0.0,0.0,0.019999996352998428,0.0,0.019999998670156612,0.0,0.019999998670156616,1,20260216_131938_gamma=10_sB=0.02_lB=0.02_Max_diff=0.05_VOL=all_VolMeth=rv,10,999
2021-07-16,0.0,0.01999919935752349,0.00311807676670947,0.0,0.0,0.01999997771525668,0.0,0.013119119950136674,5,20260216_131938_gamma=10_sB=0.02_lB=0.02_Max_diff=0.05_VOL=all_VolMeth=rv,10,999
2021-08-20,0.019999880310345552,0.0,0.0,0.019994504979658937,0.0,0.019666130770334654,0.016194288771585907,0.0,1,20260216_131938_gamma=10_sB=0.02_lB=0.02_Max_diff=0.05_VOL=all_VolMeth=rv,10,999
2021-09-17,0.0,0.01765472233046144,0.0,0.015020705479426393,0.0,0.019999900159530397,0.0026785419224952573,0.0,30,20260216_131938_gamma=10_sB=0.02_lB=0.02_Max_diff=0.05_VOL=all_VolMeth=rv,10,999
2021-10-15,0.019999927108369103,0.0,0.0,0.007865420961606693,0.0,0.015344771096378709,0.014411500714727304,0.0,20,20260216_131938_gamma=10_sB=0.02_lB=0.02_Max_diff=0.05_VOL=all_VolMeth=rv,10,999
2021-11-19,0.0,0.0199982256021382,0.009998145102137548,0.0,0.0,0.019999962756259898,0.0,0.019999963511987268,1,20260216_131938_gamma=10_sB=0.02_lB=0.02_Max_diff=0.05_VOL=all_VolMeth=rv,10,999
2021-12-17,0.019999882581376128,0.0,0.0,0.018841373510669068,0.0,0.017024139334479278,0.019999977902120398,0.0,20,20260216_131938_gamma=10_sB=0.02_lB=0.02_Max_diff=0.05_VOL=all_VolMeth=rv,10,999
2022-01-21,0.019999397283648586,0.0,0.0030849719021583924,0.0,0.0,0.006644643220596712,0.019999914255254325,0.0,1,20260216_131938_gamma=10_sB=0.02_lB=0.02_Max_diff=0.05_VOL=all_VolMeth=rv,10,999
2022-02-18,0.0,0.019125764598769707,0.009110529232671234,0.0,0.0,0.01999994795165,0.0,0.01998400385967881,1,20260216_131938_gamma=10_sB=0.02_lB=0.02_Max_diff=0.05_VOL=all_VolMeth=rv,10,999
2022-03-18,0.01999992255233955,0.0,0.003316437169285966,0.0,0.0,0.0025604316591094785,0.01999995920070176,0.0,10,20260216_131938_gamma=10_sB=0.02_lB=0.02_Max_diff=0.05_VOL=all_VolMeth=rv,10,999
2022-04-14,0.019999814706027345,0.0,0.0,0.007068273585576878,0.0,0.01321349659798382,0.01999996808501622,0.0,60,20260216_131938_gamma=10_sB=0.02_lB=0.02_Max_diff=0.05_VOL=all_VolMeth=rv,10,999
2022-05-20,0.010000000170807715,0.0,0.0,0.01999999992573148,0.0,0.02,0.0,0.01999999984911641,1,20260216_131938_gamma=10_sB=0.02_lB=0.02_Max_diff=0.05_VOL=all_VolMeth=rv,10,999
2022-06-17,0.0,0.0199989550563498,0.009998943842525925,0.0,0.0,0.019999994341852036,0.0,0.019999994450586426,1,20260216_131938_gamma=10_sB=0.02_lB=0.02_Max_diff=0.05_VOL=all_VolMeth=rv,10,999
2022-07-15,0.019999625315754572,0.0,0.003552128953262057,0.0,0.0,0.0038625843824133662,0.01999996676398481,0.0,1,20260216_131938_gamma=10_sB=0.02_lB=0.02_Max_diff=0.05_VOL=all_VolMeth=rv,10,999
2022-08-19,0.019999174298959834,0.0,0.0071170117993190184,0.0,0.0008083636640326731,0.0,0.019999884519953128,0.0,60,20260216_131938_gamma=10_sB=0.02_lB=0.02_Max_diff=0.05_VOL=all_VolMeth=rv,10,999
2022-09-16,0.0,0.0127596045815087,0.0027593583079067487,0.0,0.0,0.01999996740470993,0.0,0.019999793262421708,1,20260216_131938_gamma=10_sB=0.02_lB=0.02_Max_diff=0.05_VOL=all_VolMeth=rv,10,999
2022-10-21,0.01901414453988539,0.0,0.005916697110965393,0.0,0.0,0.0,0.019999776215020727,0.0,1,20260216_131938_gamma=10_sB=0.02_lB=0.02_Max_diff=0.05_VOL=all_VolMeth=rv,10,999
2022-11-18,0.0,0.012098529181301955,0.0020984819526473674,0.0,0.0,0.019999971800489413,0.0,0.019999980016005333,1,20260216_131938_gamma=10_sB=0.02_lB=0.02_Max_diff=0.05_VOL=all_VolMeth=rv,10,999
2022-12-16,0.007183003240347231,0.0,0.0,1.111794662065546e-05,0.0,0.0,0.019999896914655525,0.0,60,20260216_131938_gamma=10_sB=0.02_lB=0.02_Max_diff=0.05_VOL=all_VolMeth=rv,10,999
2023-01-20,0.012949470496405761,0.0,0.006627024486280506,0.0,0.006174065796662688,0.0,0.019999793113795822,0.0,1,20260216_131938_gamma=10_sB=0.02_lB=0.02_Max_diff=0.05_VOL=all_VolMeth=rv,10,999
2023-02-17,0.0,0.019997339213372545,0.009997128528750364,0.0,0.0,0.019999989942094207,0.0,0.019999991202768835,1,20260216_131938_gamma=10_sB=0.02_lB=0.02_Max_diff=0.05_VOL=all_VolMeth=rv,10,999
2023-03-17,0.004061190001197064,0.0,0.0,0.019999663849790537,0.0,0.01999967625731186,0.0050852373084844344,0.0,30,20260216_131938_gamma=10_sB=0.02_lB=0.02_Max_diff=0.05_VOL=all_VolMeth=rv,10,999
2023-04-21,0.010000008411118016,0.0,0.0,0.01999999106609269,0.0,0.01999999966081671,0.0,0.019999999660816715,1,20260216_131938_gamma=10_sB=0.02_lB=0.02_Max_diff=0.05_VOL=all_VolMeth=rv,10,999
2023-05-19,0.0,0.019999985876527196,0.009999975271493777,0.0,0.0,0.0199999958697641,0.0,0.0199999958697641,1,20260216_131938_gamma=10_sB=0.02_lB=0.02_Max_diff=0.05_VOL=all_VolMeth=rv,10,999
2023-06-16,0.0,0.0014369669199769438,0.0,0.008563353264473317,0.0,0.01999982937385777,0.0,0.019999862381007646,1,20260216_131938_gamma=10_sB=0.02_lB=0.02_Max_diff=0.05_VOL=all_VolMeth=rv,10,999
2023-07-21,0.0,0.019999992940438287,0.009999993007149887,0.0,0.0,0.02,0.0,0.019999999465707765,1,20260216_131938_gamma=10_sB=0.02_lB=0.02_Max_diff=0.05_VOL=all_VolMeth=rv,10,999
2023-08-18,0.0,0.01999999383294508,0.009999997943724734,0.0,0.0,0.02,0.0,0.01999999847166389,1,20260216_131938_gamma=10_sB=0.02_lB=0.02_Max_diff=0.05_VOL=all_VolMeth=rv,10,999
2023-09-15,0.01999994819783809,0.0,0.0,0.0015908826006450416,0.0,0.0003529816497862046,0.01999995195943442,0.0,1,20260216_131938_gamma=10_sB=0.02_lB=0.02_Max_diff=0.05_VOL=all_VolMeth=rv,10,999
2023-10-20,0.019976176326580032,0.0,0.0,0.0025285230973326428,0.0,0.010343662729448743,0.01999987015024512,0.0,1,20260216_131938_gamma=10_sB=0.02_lB=0.02_Max_diff=0.05_VOL=all_VolMeth=rv,10,999
2023-11-17,0.0,0.019999590336204486,0.009999859255011264,0.0,0.0,0.01999999171801743,0.0,0.019999993567786516,1,20260216_131938_gamma=10_sB=0.02_lB=0.02_Max_diff=0.05_VOL=all_VolMeth=rv,10,999
2023-12-15,0.009999931861883322,0.0,0.0,0.01999997009653729,0.0,0.01999998787168188,0.0,0.01999998787168188,1,20260216_131938_gamma=10_sB=0.02_lB=0.02_Max_diff=0.05_VOL=all_VolMeth=rv,10,999
2024-01-19,0.01999962382282296,0.0,0.0,0.0012292612682998942,0.004449346940848219,0.0,0.019998740461106543,0.0,1,20260216_131938_gamma=10_sB=0.02_lB=0.02_Max_diff=0.05_VOL=all_VolMeth=rv,10,999
2024-02-16,0.019999231512574458,0.0,0.019999250825454375,0.0,0.0,0.0027775417085073484,0.006952481486095591,0.0,5,20260216_131938_gamma=10_sB=0.02_lB=0.02_Max_diff=0.05_VOL=all_VolMeth=rv,10,999
2024-03-15,0.007794106499400198,0.0,0.0,0.006489503944666123,0.0,0.013208943423754883,0.0,0.0,5,20260216_131938_gamma=10_sB=0.02_lB=0.02_Max_diff=0.05_VOL=all_VolMeth=rv,10,999
2024-04-19,0.0,0.005249614669056141,0.0,0.012710751223425631,0.0,0.009698568750577475,0.0015789932737003947,0.0,30,20260216_131938_gamma=10_sB=0.02_lB=0.02_Max_diff=0.05_VOL=all_VolMeth=rv,10,999
2024-05-17,0.0,0.009314738663938997,0.0,0.0006855646331448642,0.0,0.019999881361732582,0.0,0.019999879888658003,1,20260216_131938_gamma=10_sB=0.02_lB=0.02_Max_diff=0.05_VOL=all_VolMeth=rv,10,999
2024-06-21,0.009998016892563064,0.0,0.0,0.01999785557047971,0.0,0.019999991923841783,0.0,0.01999999359970842,1,20260216_131938_gamma=10_sB=0.02_lB=0.02_Max_diff=0.05_VOL=all_VolMeth=rv,10,999
2024-07-19,0.0013470570270690415,0.0,0.0,0.019996064836649268,0.0,0.019999814703638825,3.0648857228480326e-06,0.0,30,20260216_131938_gamma=10_sB=0.02_lB=0.02_Max_diff=0.05_VOL=all_VolMeth=rv,10,999
2024-08-16,0.00997246087621423,0.0,0.0,0.01997251290763678,0.0,0.019999972491165263,0.0,0.01999997512576337,1,20260216_131938_gamma=10_sB=0.02_lB=0.02_Max_diff=0.05_VOL=all_VolMeth=rv,10,999
2024-09-20,0.0,0.01994245231143718,0.009942342095903766,0.0,0.0,0.019999985237552448,0.0,0.019999986518530986,1,20260216_131938_gamma=10_sB=0.02_lB=0.02_Max_diff=0.05_VOL=all_VolMeth=rv,10,999
2024-10-18,0.0,0.008827341357674991,0.0,0.0011766305118608381,0.0,0.019999985768647796,0.0,0.019997470555706796,1,20260216_131938_gamma=10_sB=0.02_lB=0.02_Max_diff=0.05_VOL=all_VolMeth=rv,10,999
2024-11-15,0.019999827631182385,0.0,0.0026633175041156534,0.0,0.0,4.8943209801268964e-05,0.019999954498484827,0.0,1,20260216_131938_gamma=10_sB=0.02_lB=0.02_Max_diff=0.05_VOL=all_VolMeth=rv,10,999
2024-12-20,0.019999843574646514,0.0,0.0043567395549987484,0.0,0.0,3.375815950411672e-05,0.019999939875311817,0.0,5,20260216_131938_gamma=10_sB=0.02_lB=0.02_Max_diff=0.05_VOL=all_VolMeth=rv,10,999
2025-01-17,0.019998801986089876,0.0,0.005058318360161698,0.0,0.0,0.002803437105726122,0.019999916549908004,0.0,20,20260216_131938_gamma=10_sB=0.02_lB=0.02_Max_diff=0.05_VOL=all_VolMeth=rv,10,999
2025-02-21,0.019999873281664644,0.0,0.007939642186249164,0.0,0.007315276994940889,0.0,0.01999997828532692,0.0,1,20260216_131938_gamma=10_sB=0.02_lB=0.02_Max_diff=0.05_VOL=all_VolMeth=rv,10,999
2025-03-21,0.0,0.01999994978760188,0.010000144909812596,0.0,0.0,0.01999999917081875,0.0,0.01999999917081875,1,20260216_131938_gamma=10_sB=0.02_lB=0.02_Max_diff=0.05_VOL=all_VolMeth=rv,10,999
2025-04-17,0.019999846151750326,0.0,0.01999603999946054,0.0,0.013943500977632013,0.0,0.019999942536358204,0.0,10,20260216_131938_gamma=10_sB=0.02_lB=0.02_Max_diff=0.05_VOL=all_VolMeth=rv,10,999
2025-05-16,0.019999805083849898,0.0,0.01228906269641663,0.0,0.011549866017954956,0.0,0.019999860356432832,0.0,30,20260216_131938_gamma=10_sB=0.02_lB=0.02_Max_diff=0.05_VOL=all_VolMeth=rv,10,999
2025-06-20,0.019999877260466013,0.0,0.006302512963302439,0.0,0.008762891297743986,0.0,0.019999970260098927,0.0,60,20260216_131938_gamma=10_sB=0.02_lB=0.02_Max_diff=0.05_VOL=all_VolMeth=rv,10,999
2025-07-18,0.009999999502594482,0.0,0.0,0.01999998779578713,0.0,0.019999987084411634,0.0,0.019999987084411634,1,20260216_131938_gamma=10_sB=0.02_lB=0.02_Max_diff=0.05_VOL=all_VolMeth=rv,10,999
2025-08-15,0.0,0.009940137553195325,0.0,6.0052083994595405e-05,0.0,0.01999996688040852,0.0,0.01999987403470084,1,20260216_131938_gamma=10_sB=0.02_lB=0.02_Max_diff=0.05_VOL=all_VolMeth=rv,10,999
2025-09-19,0.0,0.004966459325253136,0.0,0.00503431131396417,0.0,0.019999767412557774,0.0,0.019999367483718476,5,20260216_131938_gamma=10_sB=0.02_lB=0.02_Max_diff=0.05_VOL=all_VolMeth=rv,10,999
2025-10-17,0.0,0.011112928166814254,0.0011136192080121845,0.0,0.0,0.019999985803960795,0.0,0.01999888542305727,1,20260216_131938_gamma=10_sB=0.02_lB=0.02_Max_diff=0.05_VOL=all_VolMeth=rv,10,999
2025-11-21,0.00659088821648486,0.0,0.0,0.019999846073020838,0.0,0.019999922330642964,0.0032874736839710156,0.0,60,20260216_131938_gamma=10_sB=0.02_lB=0.02_Max_diff=0.05_VOL=all_VolMeth=rv,10,999
2013-04-19,0.03405568865335424,0.0,0.0,0.0,1.3346048331241354e-06,0.0,0.01771502848322783,0.0,5,20260216_132621_gamma=10_sB=0.05_lB=0.05_Max_diff=0.05_VOL=all_VolMeth=rv,10,999
2013-05-17,0.022131702811352842,0.0,0.008755262428718047,0.0,0.0,0.0033325829823182707,0.012943368227773627,0.0,1,20260216_132621_gamma=10_sB=0.05_lB=0.05_Max_diff=0.05_VOL=all_VolMeth=rv,10,999
2013-06-21,0.0021831191691520204,0.0,0.04781742646604465,0.0,0.0,0.04999987286195689,0.0,0.04999987111415671,1,20260216_132621_gamma=10_sB=0.05_lB=0.05_Max_diff=0.05_VOL=all_VolMeth=rv,10,999
2013-07-19,0.0,0.0,0.04999998070738094,0.0,0.0,0.04999997050175248,0.0,0.04999997288030786,1,20260216_132621_gamma=10_sB=0.05_lB=0.05_Max_diff=0.05_VOL=all_VolMeth=rv,10,999
2013-08-16,0.005254226749995829,0.0,0.044743987586513156,0.0,0.0,0.04999997611824283,0.0,0.04999788309926878,1,20260216_132621_gamma=10_sB=0.05_lB=0.05_Max_diff=0.05_VOL=all_VolMeth=rv,10,999
2013-09-20,0.017831686636585665,0.0,0.0,0.0,0.0,0.006066910548759533,0.014826630217473658,0.0,1,20260216_132621_gamma=10_sB=0.05_lB=0.05_Max_diff=0.05_VOL=all_VolMeth=rv,10,999
2013-10-18,0.0305574115882353,0.0,0.025165435045183652,0.0,0.0,0.0,0.009531420369952371,0.0,10,20260216_132621_gamma=10_sB=0.05_lB=0.05_Max_diff=0.05_VOL=all_VolMeth=rv,10,999
2013-11-15,0.0,0.0,0.0,0.010833337271585917,0.0,0.023980728987912425,0.0,0.0,1,20260216_132621_gamma=10_sB=0.05_lB=0.05_Max_diff=0.05_VOL=all_VolMeth=rv,10,999
2013-12-20,0.03846056866317894,0.0,0.0,1.625901081323296e-06,0.0,0.00931751896154007,0.021728541183437936,0.0,5,20260216_132621_gamma=10_sB=0.05_lB=0.05_Max_diff=0.05_VOL=all_VolMeth=rv,10,999
2014-01-17,0.0,0.0,0.0,0.014885910229620731,0.0,0.0351133173116444,0.0,0.0,1,20260216_132621_gamma=10_sB=0.05_lB=0.05_Max_diff=0.05_VOL=all_VolMeth=rv,10,999
2014-02-21,0.0,0.0,0.04999999763101973,0.0,0.0,0.049999996466799215,0.0,0.04999999770861284,1,20260216_132621_gamma=10_sB=0.05_lB=0.05_Max_diff=0.05_VOL=all_VolMeth=rv,10,999
2014-03-21,0.0017837674157546333,0.0,0.026212531225586134,0.0,0.0,0.049999807157211404,0.0,0.027996020981041925,1,20260216_132621_gamma=10_sB=0.05_lB=0.05_Max_diff=0.05_VOL=all_VolMeth=rv,10,999
2014-04-17,0.0,0.0,0.04999999901414102,0.0,0.0,0.0499999990866407,0.0,0.04999999941833747,1,20260216_132621_gamma=10_sB=0.05_lB=0.05_Max_diff=0.05_VOL=all_VolMeth=rv,10,999
2014-05-16,0.017267755988789553,0.0,0.0,0.014134253433101507,0.0,0.04999974546608419,0.0,0.003133961591799352,1,20260216_132621_gamma=10_sB=0.05_lB=0.05_Max_diff=0.05_VOL=all_VolMeth=rv,10,999
2014-06-20,0.0,1.352757158388352e-06,0.049999865522589844,0.0,0.0,0.04999996800371459,0.0,0.049998669671519204,1,20260216_132621_gamma=10_sB=0.05_lB=0.05_Max_diff=0.05_VOL=all_VolMeth=rv,10,999
2014-07-18,0.04178545618096455,0.0,0.0,0.005214305887060211,0.0,0.01742022807480817,0.015229316895745932,0.0,1,20260216_132621_gamma=10_sB=0.05_lB=0.05_Max_diff=0.05_VOL=all_VolMeth=rv,10,999
2014-08-15,0.0,0.0,0.049999761703709455,0.0,0.0,0.04999982115450602,0.0,0.04999982115450602,1,20260216_132621_gamma=10_sB=0.05_lB=0.05_Max_diff=0.05_VOL=all_VolMeth=rv,10,999
2014-09-19,0.0499997329996001,0.0,0.0,0.0,0.0,0.04999973834494474,0.0,0.04999973834494474,1,20260216_132621_gamma=10_sB=0.05_lB=0.05_Max_diff=0.05_VOL=all_VolMeth=rv,10,999
2014-10-17,0.02006494918146046,0.0,0.0,0.0361035023809923,0.0,0.015731974626240233,0.038982115088930604,0.0,1,20260216_132621_gamma=10_sB=0.05_lB=0.05_Max_diff=0.05_VOL=all_VolMeth=rv,10,999
2014-11-21,0.0,0.0010490274696936034,0.02071059468964669,0.0,0.0,0.04999969123804176,0.0,0.019662296488236253,10,20260216_132621_gamma=10_sB=0.05_lB=0.05_Max_diff=0.05_VOL=all_VolMeth=rv,10,999
2014-12-19,0.031197478446609722,0.0,0.0,0.012344093686038825,0.0,1.9350077390241183e-06,0.029435080238318003,0.0,5,20260216_132621_gamma=10_sB=0.05_lB=0.05_Max_diff=0.05_VOL=all_VolMeth=rv,10,999
2015-01-16,0.006627761796311514,0.0,0.0,0.04012029844545329,0.0,1.0357404495298499e-05,0.04249987114111408,0.0,1,20260216_132621_gamma=10_sB=0.05_lB=0.05_Max_diff=0.05_VOL=all_VolMeth=rv,10,999
2015-02-20,0.011777982409512439,0.0,0.0,0.004824451587391146,0.0,0.04999961324545979,0.0,0.006954338400858472,5,20260216_132621_gamma=10_sB=0.05_lB=0.05_Max_diff=0.05_VOL=all_VolMeth=rv,10,999
2015-03-20,0.049993564847642426,0.0,0.0,4.598947861659761e-06,0.0,0.01699106293085195,0.01753911440867381,0.0,10,20260216_132621_gamma=10_sB=0.05_lB=0.05_Max_diff=0.05_VOL=all_VolMeth=rv,10,999
2015-04-17,0.029843007050392095,0.0,0.0,0.009370757953611033,0.0,0.005963559988197328,0.02563687297913142,0.0,1,20260216_132621_gamma=10_sB=0.05_lB=0.05_Max_diff=0.05_VOL=all_VolMeth=rv,10,999
2015-05-15,0.0,0.0,0.04999993559766357,0.0,0.0,0.04999989992743563,0.0,0.05,1,20260216_132621_gamma=10_sB=0.05_lB=0.05_Max_diff=0.05_VOL=all_VolMeth=rv,10,999
2015-06-19,0.029502426737236707,0.0,0.0,1.406535659622336e-06,0.0,0.02376182341700303,0.012346493471658133,0.0,10,20260216_132621_gamma=10_sB=0.05_lB=0.05_Max_diff=0.05_VOL=all_VolMeth=rv,10,999
2015-07-17,0.049999912310465605,0.0,0.0,0.0,0.0,0.04999991456002422,0.0,0.04999991456002422,1,20260216_132621_gamma=10_sB=0.05_lB=0.05_Max_diff=0.05_VOL=all_VolMeth=rv,10,999
2015-08-21,0.037952413698059566,0.0,0.0,0.021551210822216473,0.0,1.052687555075025e-06,0.04998887088585159,0.0,1,20260216_132621_gamma=10_sB=0.05_lB=0.05_Max_diff=0.05_VOL=all_VolMeth=rv,10,999
2015-09-18,0.020651729891222527,0.0,0.0,0.02722076487979969,0.0,0.0,0.043816597155667235,0.0,20,20260216_132621_gamma=10_sB=0.05_lB=0.05_Max_diff=0.05_VOL=all_VolMeth=rv,10,999
2015-10-16,0.03833834418507618,0.0,0.0,0.027954448603938784,0.0,0.009551043070972468,0.03692020603897948,0.0,60,20260216_132621_gamma=10_sB=0.05_lB=0.05_Max_diff=0.05_VOL=all_VolMeth=rv,10,999
2015-11-20,0.020710630578769988,0.0,0.0,0.013325523536069746,0.0,0.04804890864637455,0.0,0.009336875426167388,1,20260216_132621_gamma=10_sB=0.05_lB=0.05_Max_diff=0.05_VOL=all_VolMeth=rv,10,999
2015-12-18,0.02765718305737793,0.0,0.0,0.020613820705104247,0.0,0.0,0.03777839925617397,0.0,1,20260216_132621_gamma=10_sB=0.05_lB=0.05_Max_diff=0.05_VOL=all_VolMeth=rv,10,999
2016-01-15,0.046905393982987056,0.0,0.004881981412307716,0.0,0.0,0.01609553217851797,0.028801562924942063,0.0,1,20260216_132621_gamma=10_sB=0.05_lB=0.05_Max_diff=0.05_VOL=all_VolMeth=rv,10,999
2016-02-19,0.0,0.05,0.04999997655485019,0.0,0.0,0.0,0.0,0.04999992385506388,1,20260216_132621_gamma=10_sB=0.05_lB=0.05_Max_diff=0.05_VOL=all_VolMeth=rv,10,999
2016-03-18,0.009800978233716782,0.0,0.0,0.03578635287464016,0.004926020474346001,0.0,0.031120575835408202,0.0,60,20260216_132621_gamma=10_sB=0.05_lB=0.05_Max_diff=0.05_VOL=all_VolMeth=rv,10,999
2016-04-15,0.0,1.2210099196320244e-06,0.049999954262333696,0.0,0.0,0.049999823529171435,0.0,0.049999823529171435,1,20260216_132621_gamma=10_sB=0.05_lB=0.05_Max_diff=0.05_VOL=all_VolMeth=rv,10,999
2016-05-20,0.0,0.0,0.0,0.03217273996572086,0.0,0.004470329178952786,0.023549561127093426,0.0,10,20260216_132621_gamma=10_sB=0.05_lB=0.05_Max_diff=0.05_VOL=all_VolMeth=rv,10,999
2016-06-17,0.0,0.009681242316168825,0.03041203496011226,0.0,0.0,0.049999775768033855,0.0,0.02073129234695374,1,20260216_132621_gamma=10_sB=0.05_lB=0.05_Max_diff=0.05_VOL=all_VolMeth=rv,10,999
2016-07-15,0.0,1.5122460241827653e-06,0.04999960163983433,0.0,0.0,0.0499991721087284,0.0,0.0499991721087284,1,20260216_132621_gamma=10_sB=0.05_lB=0.05_Max_diff=0.05_VOL=all_VolMeth=rv,10,999
2016-08-19,0.0,0.0,0.0499997418669445,0.0,0.0,0.049999821405067174,0.0,0.049999849006057515,1,20260216_132621_gamma=10_sB=0.05_lB=0.05_Max_diff=0.05_VOL=all_VolMeth=rv,10,999
2016-09-16,0.0043960522931793655,0.0,0.013553814052375294,0.0,0.0,0.04999987259635423,0.0,0.017949410334864226,1,20260216_132621_gamma=10_sB=0.05_lB=0.05_Max_diff=0.05_VOL=all_VolMeth=rv,10,999
2016-10-21,0.0,0.0,0.049999893382286505,0.0,0.0,0.04999991561258813,0.0,0.04999991561258813,1,20260216_132621_gamma=10_sB=0.05_lB=0.05_Max_diff=0.05_VOL=all_VolMeth=rv,10,999
2016-11-18,0.017946801392527006,0.0,0.03205312735645961,0.0,0.0,0.04999995095900628,0.0,0.04999997458834575,1,20260216_132621_gamma=10_sB=0.05_lB=0.05_Max_diff=0.05_VOL=all_VolMeth=rv,10,999
2016-12-16,0.02698460859858096,0.0,0.023015328143160405,0.0,0.0,0.0499999786051727,0.0,0.04999996658690165,1,20260216_132621_gamma=10_sB=0.05_lB=0.05_Max_diff=0.05_VOL=all_VolMeth=rv,10,999
2017-01-20,0.00763956187660364,0.0,0.0,0.010535494872881683,0.0,0.043917116548710146,0.0,0.003187532004310032,10,20260216_132621_gamma=10_sB=0.05_lB=0.05_Max_diff=0.05_VOL=all_VolMeth=rv,10,999
2017-02-17,0.009373913966666418,0.0,0.04062598431771812,0.0,0.0,0.04999995435495857,0.0,0.04999994990430856,1,20260216_132621_gamma=10_sB=0.05_lB=0.05_Max_diff=0.05_VOL=all_VolMeth=rv,10,999
2017-03-17,0.030511279274226002,0.0,0.01948878249833418,0.0,0.0,0.049999919916595366,0.0,0.049999919916595366,1,20260216_132621_gamma=10_sB=0.05_lB=0.05_Max_diff=0.05_VOL=all_VolMeth=rv,10,999
2017-04-21,0.009809622029700127,0.0,0.006018862579304688,0.0,0.0,0.04999975652449669,0.0,0.01582823462337248,1,20260216_132621_gamma=10_sB=0.05_lB=0.05_Max_diff=0.05_VOL=all_VolMeth=rv,10,999
2017-05-19,0.049254652526453356,0.0,0.0,0.011902941040323061,0.0,0.020045815159841215,0.020433952332534706,0.0,5,20260216_132621_gamma=10_sB=0.05_lB=0.05_Max_diff=0.05_VOL=all_VolMeth=rv,10,999
2017-06-16,0.0,0.0,0.049999932786183185,0.0,0.0,0.04999999524929765,0.0,0.04999999524929765,1,20260216_132621_gamma=10_sB=0.05_lB=0.05_Max_diff=0.05_VOL=all_VolMeth=rv,10,999
2017-07-21,0.0,0.0,0.0499997871498156,0.0,0.0,0.04999984664381496,0.0,0.04999984664381496,1,20260216_132621_gamma=10_sB=0.05_lB=0.05_Max_diff=0.05_VOL=all_VolMeth=rv,10,999
2017-08-18,0.0,0.0,0.049999984906300116,0.0,0.0,0.04999999811801846,0.0,0.04999999783577611,1,20260216_132621_gamma=10_sB=0.05_lB=0.05_Max_diff=0.05_VOL=all_VolMeth=rv,10,999
2017-09-15,0.0,0.012979988125667112,0.049999297505506426,0.0,0.0,0.04999989542600002,0.0,0.03702049428091727,1,20260216_132621_gamma=10_sB=0.05_lB=0.05_Max_diff=0.05_VOL=all_VolMeth=rv,10,999
2017-10-20,0.002439046797718737,0.0,0.0066450475859840576,0.0,0.0,0.04999993488639151,0.0,0.009083797053343482,10,20260216_132621_gamma=10_sB=0.05_lB=0.05_Max_diff=0.05_VOL=all_VolMeth=rv,10,999
2017-11-17,0.0,0.005127696704063669,0.012465202553882929,0.0,0.0,0.04999988891394912,0.0,0.0073376527873658245,1,20260216_132621_gamma=10_sB=0.05_lB=0.05_Max_diff=0.05_VOL=all_VolMeth=rv,10,999
2017-12-15,0.049996508649096244,0.0,0.02463970864637447,0.0,0.0,0.011632832620871027,0.007725933894352157,0.0,1,20260216_132621_gamma=10_sB=0.05_lB=0.05_Max_diff=0.05_VOL=all_VolMeth=rv,10,999
2018-01-19,0.048759900284143405,0.0,0.027401275210010012,0.0,0.0,0.04329747344418743,0.0,0.0003031570641299459,60,20260216_132621_gamma=10_sB=0.05_lB=0.05_Max_diff=0.05_VOL=all_VolMeth=rv,10,999
2018-02-16,0.03708268211317936,0.0,0.0019053654131356704,0.0,0.0,0.00481340641971708,0.02000815725722397,0.0,10,20260216_132621_gamma=10_sB=0.05_lB=0.05_Max_diff=0.05_VOL=all_VolMeth=rv,10,999
2018-03-16,0.01590285363195741,0.0,0.03409709838606691,0.0,0.0,0.04999997844628085,0.0,0.049999980697779674,1,20260216_132621_gamma=10_sB=0.05_lB=0.05_Max_diff=0.05_VOL=all_VolMeth=rv,10,999
2018-04-20,0.0391700806223517,0.0,0.0,0.004837500984394453,0.0,0.010986013179551418,0.026444318100244467,0.0,60,20260216_132621_gamma=10_sB=0.05_lB=0.05_Max_diff=0.05_VOL=all_VolMeth=rv,10,999
2018-05-18,0.0,0.002161798635570797,0.03220447812928475,0.0,0.0,0.04999988673082894,0.0,0.03004278161863357,1,20260216_132621_gamma=10_sB=0.05_lB=0.05_Max_diff=0.05_VOL=all_VolMeth=rv,10,999
2018-06-15,0.008879289904482182,0.0,0.04112068826049226,0.0,0.0,0.049999985193575874,0.0,0.04999998519357588,1,20260216_132621_gamma=10_sB=0.05_lB=0.05_Max_diff=0.05_VOL=all_VolMeth=rv,10,999
2018-07-20,0.0,0.0,0.049999227055575475,0.0,0.0,0.05,0.0,0.04999849942827564,1,20260216_132621_gamma=10_sB=0.05_lB=0.05_Max_diff=0.05_VOL=all_VolMeth=rv,10,999
2018-08-17,0.026753845705322545,0.0,0.0,0.008255794130821165,0.0,0.049999285588399,0.0,0.007218435323030165,1,20260216_132621_gamma=10_sB=0.05_lB=0.05_Max_diff=0.05_VOL=all_VolMeth=rv,10,999
2018-09-21,0.049999732696039065,0.0,0.0,0.0,0.0,0.04999999909496535,0.0,0.04999999909496535,1,20260216_132621_gamma=10_sB=0.05_lB=0.05_Max_diff=0.05_VOL=all_VolMeth=rv,10,999
2018-10-19,0.04999978476174836,0.0,0.0,0.0,0.0,0.049999892199929036,0.0,0.04999989219992903,1,20260216_132621_gamma=10_sB=0.05_lB=0.05_Max_diff=0.05_VOL=all_VolMeth=rv,10,999
2018-11-16,0.017962560466923128,0.0,0.03203759885046641,0.0,0.0,0.04999995101292878,0.0,0.04999998247924575,1,20260216_132621_gamma=10_sB=0.05_lB=0.05_Max_diff=0.05_VOL=all_VolMeth=rv,10,999
2018-12-21,0.00813732578351959,0.0,0.0,0.02782085674250263,0.0,2.1893839618752848e-06,0.03896666019603025,0.0,1,20260216_132621_gamma=10_sB=0.05_lB=0.05_Max_diff=0.05_VOL=all_VolMeth=rv,10,999
2019-01-18,0.02625505992716626,0.0,0.0,0.011567183746344793,0.0,2.2898660409559495e-06,0.030773555003181706,0.0,20,20260216_132621_gamma=10_sB=0.05_lB=0.05_Max_diff=0.05_VOL=all_VolMeth=rv,10,999
2019-02-15,0.04141679348564546,0.0,0.0,0.006830365552063395,0.0,0.012281227485925951,0.024348808723245557,0.0,60,20260216_132621_gamma=10_sB=0.05_lB=0.05_Max_diff=0.05_VOL=all_VolMeth=rv,10,999
2019-03-15,0.04999527257712665,0.0,0.02367916955580656,0.0,0.0,0.010604584430640928,0.008401617816692741,0.0,60,20260216_132621_gamma=10_sB=0.05_lB=0.05_Max_diff=0.05_VOL=all_VolMeth=rv,10,999
2019-04-18,0.01344871164421892,0.0,0.03655128418834927,0.0,0.0,0.04999999774635228,0.0,0.04999999716268743,1,20260216_132621_gamma=10_sB=0.05_lB=0.05_Max_diff=0.05_VOL=all_VolMeth=rv,10,999
2019-05-17,0.025533229467413546,0.0,0.0,0.04999506079737318,0.0,0.01162346493315504,0.044695795236417375,0.0,5,20260216_132621_gamma=10_sB=0.05_lB=0.05_Max_diff=0.05_VOL=all_VolMeth=rv,10,999
2019-06-21,0.028670002914532082,0.0,0.02133117680728792,0.0,0.0,0.049999862263719747,0.0,0.04999987574085311,1,20260216_132621_gamma=10_sB=0.05_lB=0.05_Max_diff=0.05_VOL=all_VolMeth=rv,10,999
2019-07-19,0.023143962735972263,0.0,0.0,0.011948063243947938,0.0,0.016114197622449655,0.015190396835846751,0.0,60,20260216_132621_gamma=10_sB=0.05_lB=0.05_Max_diff=0.05_VOL=all_VolMeth=rv,10,999
2019-08-16,0.04015925105919577,0.0,0.0,0.049967636005655555,0.0,0.01968621032740462,0.04999989051550956,0.0,5,20260216_132621_gamma=10_sB=0.05_lB=0.05_Max_diff=0.05_VOL=all_VolMeth=rv,10,999
2019-09-20,0.0,0.006292623971240312,0.04999299771036406,0.0,0.0,0.04999995488913666,0.0,0.04370075117441455,5,20260216_132621_gamma=10_sB=0.05_lB=0.05_Max_diff=0.05_VOL=all_VolMeth=rv,10,999
2019-10-18,0.02527664982172816,0.0,0.0,0.04376425481830482,0.0,0.008460463781406764,0.03619599973680163,0.0,60,20260216_132621_gamma=10_sB=0.05_lB=0.05_Max_diff=0.05_VOL=all_VolMeth=rv,10,999
2019-11-15,0.01220538676898083,0.0,0.010749083328590293,0.0,0.0,0.049999883637858004,0.0,0.022954880182880992,10,20260216_132621_gamma=10_sB=0.05_lB=0.05_Max_diff=0.05_VOL=all_VolMeth=rv,10,999
2019-12-20,0.049992722686577784,0.0,0.023708966559901363,0.0,0.0,0.02313431392689399,0.009313845447435113,0.0,60,20260216_132621_gamma=10_sB=0.05_lB=0.05_Max_diff=0.05_VOL=all_VolMeth=rv,10,999
2020-01-17,0.02415384454411508,0.0,0.0,0.012891265811922136,0.0,0.0468081804929043,0.0,0.0015125810157507545,1,20260216_132621_gamma=10_sB=0.05_lB=0.05_Max_diff=0.05_VOL=all_VolMeth=rv,10,999
2020-02-21,0.01682460082681535,0.0,0.0,0.04999701069242856,0.0,0.008125546941721597,0.03920912000122653,0.0,1,20260216_132621_gamma=10_sB=0.05_lB=0.05_Max_diff=0.05_VOL=all_VolMeth=rv,10,999
2020-03-20,0.035612532961665444,0.0,0.0,0.012842058517774976,0.0,0.0,0.0499989443413419,0.0,10,20260216_132621_gamma=10_sB=0.05_lB=0.05_Max_diff=0.05_VOL=all_VolMeth=rv,10,999
2020-04-17,0.045593875377819774,0.0,0.0,0.023461440474441656,0.0,0.007721313007486189,0.049998833883034575,0.0,30,20260216_132621_gamma=10_sB=0.05_lB=0.05_Max_diff=0.05_VOL=all_VolMeth=rv,10,999
2020-05-15,0.0,0.0,0.04999996382123193,0.0,0.0,0.049999921526540404,0.0,0.049999435931197905,1,20260216_132621_gamma=10_sB=0.05_lB=0.05_Max_diff=0.05_VOL=all_VolMeth=rv,10,999
2020-06-19,0.0,0.004575492670428788,0.049999944229406554,0.0,0.0,0.049999728558891704,0.0,0.04542479055345202,1,20260216_132621_gamma=10_sB=0.05_lB=0.05_Max_diff=0.05_VOL=all_VolMeth=rv,10,999
2020-07-17,0.0,0.0,0.04999983066582608,0.0,0.0,0.049999724996874606,0.0,0.049999586157737405,1,20260216_132621_gamma=10_sB=0.05_lB=0.05_Max_diff=0.05_VOL=all_VolMeth=rv,10,999
2020-08-21,0.0,0.0,0.04999930940521169,0.0,0.0,0.04999948064239716,0.0,0.04999978901146888,5,20260216_132621_gamma=10_sB=0.05_lB=0.05_Max_diff=0.05_VOL=all_VolMeth=rv,10,999
2020-09-18,0.01958070478549782,0.0,0.0,0.024499808142422894,0.0,0.012414994972028996,0.028074775442777013,0.0,10,20260216_132621_gamma=10_sB=0.05_lB=0.05_Max_diff=0.05_VOL=all_VolMeth=rv,10,999
2020-10-16,0.0,0.05,0.04999982483026049,0.0,0.0,0.0,0.0,0.04999971627855748,1,20260216_132621_gamma=10_sB=0.05_lB=0.05_Max_diff=0.05_VOL=all_VolMeth=rv,10,999
2020-11-20,0.038843669297486255,0.0,0.0,2.156669954983419e-05,0.0,0.01905628945359968,0.026096888114599072,0.0,20,20260216_132621_gamma=10_sB=0.05_lB=0.05_Max_diff=0.05_VOL=all_VolMeth=rv,10,999
2020-12-18,0.00963626301602732,0.0,0.04036354435302923,0.0,0.0,0.04999993822006286,0.0,0.04999989091919861,1,20260216_132621_gamma=10_sB=0.05_lB=0.05_Max_diff=0.05_VOL=all_VolMeth=rv,10,999
2021-01-15,0.0,1.607586021980041e-06,0.04999873280883338,0.0,0.0,0.0499997288335656,0.0,0.049997929274638434,5,20260216_132621_gamma=10_sB=0.05_lB=0.05_Max_diff=0.05_VOL=all_VolMeth=rv,10,999
2021-02-19,0.0,0.0,0.04999963006967089,0.0,0.0,0.04999974300550049,0.0,0.0499997453267461,1,20260216_132621_gamma=10_sB=0.05_lB=0.05_Max_diff=0.05_VOL=all_VolMeth=rv,10,999
2021-03-19,0.0,8.260443994613004e-06,0.04999962422823339,0.0,0.0,0.05,0.0,0.04999112219501897,1,20260216_132621_gamma=10_sB=0.05_lB=0.05_Max_diff=0.05_VOL=all_VolMeth=rv,10,999
2021-04-16,0.0,0.005446185173386038,0.04999965785009257,0.0,0.0,0.04999996874570903,0.0,0.044553452885201614,1,20260216_132621_gamma=10_sB=0.05_lB=0.05_Max_diff=0.05_VOL=all_VolMeth=rv,10,999
2021-05-21,0.0,3.3202175832428193e-06,0.0499986679525593,0.0,0.0,0.05,0.0,0.04999531160306643,1,20260216_132621_gamma=10_sB=0.05_lB=0.05_Max_diff=0.05_VOL=all_VolMeth=rv,10,999
2021-06-17,0.0,0.0029136016685967275,0.049999481446982484,0.0,0.0,0.04999996821577246,0.0,0.04708587354152431,5,20260216_132621_gamma=10_sB=0.05_lB=0.05_Max_diff=0.05_VOL=all_VolMeth=rv,10,999
2021-07-16,0.008261746030015761,0.0,0.005543505149508281,0.0,0.0,0.049999926623498794,0.0,0.013805541396639642,5,20260216_132621_gamma=10_sB=0.05_lB=0.05_Max_diff=0.05_VOL=all_VolMeth=rv,10,999
2021-08-20,0.02140177379267479,0.0,0.0,0.030983924279325347,0.0,0.04999995875538529,0.009582670104895332,0.0,20,20260216_132621_gamma=10_sB=0.05_lB=0.05_Max_diff=0.05_VOL=all_VolMeth=rv,10,999
2021-09-17,0.012251798126720346,0.0,0.0,0.014871752555971321,0.0,0.04999992794572127,0.0026198979199640636,0.0,30,20260216_132621_gamma=10_sB=0.05_lB=0.05_Max_diff=0.05_VOL=all_VolMeth=rv,10,999
2021-10-15,0.04999853129814204,0.0,0.002141315394418007,0.0,0.0,0.03610235514058149,0.01262194077581147,0.0,20,20260216_132621_gamma=10_sB=0.05_lB=0.05_Max_diff=0.05_VOL=all_VolMeth=rv,10,999
2021-11-19,0.0,0.0,0.049999985825517936,0.0,0.0,0.04999998191954423,0.0,0.04999997712575024,1,20260216_132621_gamma=10_sB=0.05_lB=0.05_Max_diff=0.05_VOL=all_VolMeth=rv,10,999
2021-12-17,0.04999955294185187,0.0,0.0,0.049998268891035,0.0,0.04118696070955343,0.04249039910950299,0.0,20,20260216_132621_gamma=10_sB=0.05_lB=0.05_Max_diff=0.05_VOL=all_VolMeth=rv,10,999
2022-01-21,0.005237521160445563,0.0,0.0,0.04836680592410015,0.0,1.0407633442051502e-06,0.049996160981685675,0.0,1,20260216_132621_gamma=10_sB=0.05_lB=0.05_Max_diff=0.05_VOL=all_VolMeth=rv,10,999
2022-02-18,0.009836368049002975,0.0,0.01913201000429654,0.0,0.0,0.04999986588612216,0.0,0.02896852280432574,1,20260216_132621_gamma=10_sB=0.05_lB=0.05_Max_diff=0.05_VOL=all_VolMeth=rv,10,999
2022-03-18,0.049703056790785946,0.0,0.0,0.007380300971833025,0.0,0.019381101081509047,0.03290046236777441,0.0,10,20260216_132621_gamma=10_sB=0.05_lB=0.05_Max_diff=0.05_VOL=all_VolMeth=rv,10,999
2022-04-14,0.007898178666379698,0.0,0.0,0.04913588548595292,0.0,0.008559438004179826,0.041394439574912935,0.0,60,20260216_132621_gamma=10_sB=0.05_lB=0.05_Max_diff=0.05_VOL=all_VolMeth=rv,10,999
2022-05-20,0.04999958668464067,0.0,0.0,0.0,0.0,0.04999971035119411,0.0,0.049999710351194104,1,20260216_132621_gamma=10_sB=0.05_lB=0.05_Max_diff=0.05_VOL=all_VolMeth=rv,10,999
2022-06-17,0.0,0.0,0.049999951032970044,0.0,0.0,0.04999996111868668,0.0,0.049999965494788516,1,20260216_132621_gamma=10_sB=0.05_lB=0.05_Max_diff=0.05_VOL=all_VolMeth=rv,10,999
2022-07-15,0.026143904835051853,0.0,0.0,0.04138170575191404,0.0,0.011008076084560788,0.049997708347852,0.0,1,20260216_132621_gamma=10_sB=0.05_lB=0.05_Max_diff=0.05_VOL=all_VolMeth=rv,10,999
2022-08-19,0.0,1.302529943870258e-06,0.0,0.03719205192538063,0.009892234456542418,0.0,0.043594053027764625,0.0,60,20260216_132621_gamma=10_sB=0.05_lB=0.05_Max_diff=0.05_VOL=all_VolMeth=rv,10,999
2022-09-16,0.015705873966573542,0.0,0.03429576069287013,0.0,0.0,0.04999992516800109,0.0,0.049999941223414855,1,20260216_132621_gamma=10_sB=0.05_lB=0.05_Max_diff=0.05_VOL=all_VolMeth=rv,10,999
2022-10-21,0.0021536305375805223,0.0,0.0,0.03368741387069542,0.011024602436006196,0.0,0.04987328218121193,0.0,1,20260216_132621_gamma=10_sB=0.05_lB=0.05_Max_diff=0.05_VOL=all_VolMeth=rv,10,999
2022-11-18,0.01836263312937465,0.0,0.03163707622841444,0.0,0.0,0.049999845855723715,0.0,0.0499998975150177,1,20260216_132621_gamma=10_sB=0.05_lB=0.05_Max_diff=0.05_VOL=all_VolMeth=rv,10,999
2022-12-16,0.0,2.0139067356820782e-06,0.0,0.02581085161800573,0.004725881212386833,0.0,0.03918488827883408,0.0,60,20260216_132621_gamma=10_sB=0.05_lB=0.05_Max_diff=0.05_VOL=all_VolMeth=rv,10,999
2023-01-20,0.0,0.0,0.0,0.03300718069308316,0.012621133537464543,0.0,0.04812165661141431,0.0,1,20260216_132621_gamma=10_sB=0.05_lB=0.05_Max_diff=0.05_VOL=all_VolMeth=rv,10,999
2023-02-17,0.0,0.0,0.04999963637520256,0.0,0.0,0.04999949146199858,0.0,0.04999950544159477,1,20260216_132621_gamma=10_sB=0.05_lB=0.05_Max_diff=0.05_VOL=all_VolMeth=rv,10,999
2023-03-17,0.009078622793730166,0.0,0.0,0.04996947897542112,0.0,0.026915270098093108,0.024982299560596766,0.0,30,20260216_132621_gamma=10_sB=0.05_lB=0.05_Max_diff=0.05_VOL=all_VolMeth=rv,10,999
2023-04-21,0.024080605588585702,0.0,0.025919285968216604,0.0,0.0,0.049999938506997604,0.0,0.049999943939598036,5,20260216_132621_gamma=10_sB=0.05_lB=0.05_Max_diff=0.05_VOL=all_VolMeth=rv,10,999
2023-05-19,0.0,0.0,0.049999992846579265,0.0,0.0,0.04999999276465706,0.0,0.04999999276465706,1,20260216_132621_gamma=10_sB=0.05_lB=0.05_Max_diff=0.05_VOL=all_VolMeth=rv,10,999
2023-06-16,0.02481303834494759,0.0,0.01846128040196498,0.0,0.0,0.044487029385382335,0.0,0.04878703491757545,1,20260216_132621_gamma=10_sB=0.05_lB=0.05_Max_diff=0.05_VOL=all_VolMeth=rv,10,999
2023-07-21,0.0,1.0223494138453824e-06,0.0499998000414646,0.0,0.0,0.0499998539191672,0.0,0.0499998539191672,1,20260216_132621_gamma=10_sB=0.05_lB=0.05_Max_diff=0.05_VOL=all_VolMeth=rv,10,999
2023-08-18,0.0,0.0,0.04999992208576703,0.0,0.0,0.04999995833675631,0.0,0.04999995833675631,1,20260216_132621_gamma=10_sB=0.05_lB=0.05_Max_diff=0.05_VOL=all_VolMeth=rv,10,999
2023-09-15,0.03949459041323697,0.0,0.0,0.007832527081387833,0.0,0.008941749317431785,0.028440314820536126,0.0,1,20260216_132621_gamma=10_sB=0.05_lB=0.05_Max_diff=0.05_VOL=all_VolMeth=rv,10,999
2023-10-20,0.012671771311349169,0.0,0.0,0.0385924265833262,0.0,0.006461140987663214,0.04464964099827946,0.0,1,20260216_132621_gamma=10_sB=0.05_lB=0.05_Max_diff=0.05_VOL=all_VolMeth=rv,10,999
2023-11-17,0.0,0.0,0.04999999603005778,0.0,0.0,0.04999999718756069,0.0,0.049999996203402015,1,20260216_132621_gamma=10_sB=0.05_lB=0.05_Max_diff=0.05_VOL=all_VolMeth=rv,10,999
2023-12-15,0.049999966590124706,0.0,0.0,0.0,0.0,0.04999998760553176,0.0,0.04999998760553176,1,20260216_132621_gamma=10_sB=0.05_lB=0.05_Max_diff=0.05_VOL=all_VolMeth=rv,10,999
2024-01-19,0.02880388515722335,0.0,0.0,0.0,0.0,0.0,0.0205467282091332,0.0,1,20260216_132621_gamma=10_sB=0.05_lB=0.05_Max_diff=0.05_VOL=all_VolMeth=rv,10,999
2024-02-16,0.03463918104094461,0.0,0.03703208364488386,0.0,0.0,0.009704975854832577,0.0,1.561387949372682e-06,5,20260216_132621_gamma=10_sB=0.05_lB=0.05_Max_diff=0.05_VOL=all_VolMeth=rv,10,999
2024-03-15,0.007842794218116695,0.0,0.0,0.0064567551048366175,0.0,0.013245040568977733,0.0,0.0,5,20260216_132621_gamma=10_sB=0.05_lB=0.05_Max_diff=0.05_VOL=all_VolMeth=rv,10,999
2024-04-19,0.0,0.003826321784863227,0.0,0.009766810161313762,0.0,0.010295493647478556,0.0,0.0,30,20260216_132621_gamma=10_sB=0.05_lB=0.05_Max_diff=0.05_VOL=all_VolMeth=rv,10,999
2024-05-17,0.013820712419673475,0.0,0.03617927898915986,0.0,0.0,0.0499999966747323,0.0,0.04999999616055457,1,20260216_132621_gamma=10_sB=0.05_lB=0.05_Max_diff=0.05_VOL=all_VolMeth=rv,10,999
2024-06-21,0.044367031238291214,0.0,0.0056334740532512,0.0,0.0,0.049999997695254046,0.0,0.04999999777646818,1,20260216_132621_gamma=10_sB=0.05_lB=0.05_Max_diff=0.05_VOL=all_VolMeth=rv,10,999
2024-07-19,0.012215035686822247,0.0,0.0,0.0178246486984731,0.0,0.02654094725376538,0.0,0.0,30,20260216_132621_gamma=10_sB=0.05_lB=0.05_Max_diff=0.05_VOL=all_VolMeth=rv,10,999
2024-08-16,0.04839556006430233,0.0,0.0016056041043903454,0.0,0.0,0.049999963394463436,0.0,0.04999997159802377,1,20260216_132621_gamma=10_sB=0.05_lB=0.05_Max_diff=0.05_VOL=all_VolMeth=rv,10,999
2024-09-20,0.004449552832228573,0.0,0.04555039998248316,0.0,0.0,0.04999997692052099,0.0,0.04999998018005179,1,20260216_132621_gamma=10_sB=0.05_lB=0.05_Max_diff=0.05_VOL=all_VolMeth=rv,10,999
2024-10-18,0.019279707568082036,0.0,0.026457519198793005,0.0,0.0,0.04999992836866318,0.0,0.04573729372428218,1,20260216_132621_gamma=10_sB=0.05_lB=0.05_Max_diff=0.05_VOL=all_VolMeth=rv,10,999
2024-11-15,0.026249930526233107,0.0,0.0,0.04710449074841052,0.0,0.0070129898645014755,0.04999743618613774,0.0,1,20260216_132621_gamma=10_sB=0.05_lB=0.05_Max_diff=0.05_VOL=all_VolMeth=rv,10,999
2024-12-20,0.02947638602292343,0.0,0.0,0.03915180226640441,0.0,0.0061807800211024656,0.04701109968776526,0.0,5,20260216_132621_gamma=10_sB=0.05_lB=0.05_Max_diff=0.05_VOL=all_VolMeth=rv,10,999
2025-01-17,0.02779124299127692,0.0,0.0,2.5641335091507643e-06,0.0,0.006791341289055553,0.024802666854597435,0.0,20,20260216_132621_gamma=10_sB=0.05_lB=0.05_Max_diff=0.05_VOL=all_VolMeth=rv,10,999
2025-02-21,0.026115103398183005,0.0,0.0,0.049962295954227916,0.0,4.1083465197219296e-06,0.049969429534039794,0.0,1,20260216_132621_gamma=10_sB=0.05_lB=0.05_Max_diff=0.05_VOL=all_VolMeth=rv,10,999
2025-03-21,0.0,0.0,0.04999999483572786,0.0,0.0,0.0499999922078798,0.0,0.04999999220787979,1,20260216_132621_gamma=10_sB=0.05_lB=0.05_Max_diff=0.05_VOL=all_VolMeth=rv,10,999
2025-04-17,0.049999711430602334,0.0,0.0,0.01724878029293427,0.0,0.010428639754734449,0.04999985279653069,0.0,10,20260216_132621_gamma=10_sB=0.05_lB=0.05_Max_diff=0.05_VOL=all_VolMeth=rv,10,999
2025-05-16,0.049980936933820434,0.0,0.0,0.00020492204109988322,0.0,0.0069649283219525805,0.03203461891993234,0.0,30,20260216_132621_gamma=10_sB=0.05_lB=0.05_Max_diff=0.05_VOL=all_VolMeth=rv,10,999
2025-06-20,0.03667681257616496,0.0,0.013323092300391332,0.0,0.0,0.049999970302656,0.0,0.04999994524434749,1,20260216_132621_gamma=10_sB=0.05_lB=0.05_Max_diff=0.05_VOL=all_VolMeth=rv,10,999
2025-07-18,0.049995541410916604,0.0,0.0,3.792249714624938e-06,0.0,0.05,0.0,0.04999017346080761,1,20260216_132621_gamma=10_sB=0.05_lB=0.05_Max_diff=0.05_VOL=all_VolMeth=rv,10,999
2025-08-15,0.012338907843712579,0.0,0.03766094686963567,0.0,0.0,0.04999993203365349,0.0,0.04999993563401548,1,20260216_132621_gamma=10_sB=0.05_lB=0.05_Max_diff=0.05_VOL=all_VolMeth=rv,10,999
2025-09-19,0.009797380842324099,0.0,0.0,0.0007065814818079981,0.0,0.03301377223604298,0.0,0.026076064621678184,5,20260216_132621_gamma=10_sB=0.05_lB=0.05_Max_diff=0.05_VOL=all_VolMeth=rv,10,999
2025-10-17,0.014618358471876305,0.0,0.027090806090155108,0.0,0.0,0.04999988494822849,0.0,0.0417092336482073,1,20260216_132621_gamma=10_sB=0.05_lB=0.05_Max_diff=0.05_VOL=all_VolMeth=rv,10,999
2025-11-21,0.01768743516902746,0.0,0.0,0.03467779717830596,0.0,0.02920088080363108,0.01104558814895008,0.0,60,20260216_132621_gamma=10_sB=0.05_lB=0.05_Max_diff=0.05_VOL=all_VolMeth=rv,10,999
2013-04-19,0.03402956656242574,0.0,0.0,0.0,0.0,0.0,0.017684107068473974,0.0,5,20260216_133449_gamma=10_sB=0.1_lB=0.1_Max_diff=0.05_VOL=all_VolMeth=rv,10,999
2013-05-17,0.0221303063964313,0.0,0.008764929738125088,0.0,0.0,0.0033331654243901696,0.012932770463110524,0.0,1,20260216_133449_gamma=10_sB=0.1_lB=0.1_Max_diff=0.05_VOL=all_VolMeth=rv,10,999
2013-06-21,0.05174431400228706,0.0,0.09825528886155696,0.0,0.0,0.09999973862140488,0.0,0.09999980178329142,1,20260216_133449_gamma=10_sB=0.1_lB=0.1_Max_diff=0.05_VOL=all_VolMeth=rv,10,999
2013-07-19,0.0499998124892891,0.0,0.09999920886866016,0.0,0.0,0.09999964076582296,0.0,0.09999962707226555,1,20260216_133449_gamma=10_sB=0.1_lB=0.1_Max_diff=0.05_VOL=all_VolMeth=rv,10,999
2013-08-16,0.056343460550173204,0.0,0.045726811789554,0.0,0.0,0.09999931975630946,0.0,0.05207037345108542,1,20260216_133449_gamma=10_sB=0.1_lB=0.1_Max_diff=0.05_VOL=all_VolMeth=rv,10,999
2013-09-20,0.017844948596483695,0.0,0.0,0.0,0.0,0.0060840433143314904,0.014806689268559773,0.0,1,20260216_133449_gamma=10_sB=0.1_lB=0.1_Max_diff=0.05_VOL=all_VolMeth=rv,10,999
2013-10-18,0.030612800011670514,0.0,0.025202016970692312,0.0,0.0,3.4083339314246045e-06,0.009518929882102766,0.0,10,20260216_133449_gamma=10_sB=0.1_lB=0.1_Max_diff=0.05_VOL=all_VolMeth=rv,10,999
2013-11-15,0.0,0.0,0.0,0.010848034379902208,0.0,0.023983200360500504,0.0,0.0,1,20260216_133449_gamma=10_sB=0.1_lB=0.1_Max_diff=0.05_VOL=all_VolMeth=rv,10,999
2013-12-20,0.03844355036403043,0.0,1.193618351937476e-06,0.0,0.0,0.009321719850983484,0.021700257695803388,0.0,5,20260216_133449_gamma=10_sB=0.1_lB=0.1_Max_diff=0.05_VOL=all_VolMeth=rv,10,999
2014-01-17,0.0,0.0,0.0,0.01487678590226581,0.0,0.03512356407568932,1.7649582315499546e-06,0.0,1,20260216_133449_gamma=10_sB=0.1_lB=0.1_Max_diff=0.05_VOL=all_VolMeth=rv,10,999
2014-02-21,0.04999999655831876,0.0,0.09999999894748837,0.0,0.0,0.09999999661023827,0.0,0.09999999854807241,1,20260216_133449_gamma=10_sB=0.1_lB=0.1_Max_diff=0.05_VOL=all_VolMeth=rv,10,999
2014-03-21,0.05563897469174275,0.0,0.02099114359977443,0.0,0.0,0.09999899820928213,0.0,0.02663098092864493,1,20260216_133449_gamma=10_sB=0.1_lB=0.1_Max_diff=0.05_VOL=all_VolMeth=rv,10,999
2014-04-17,0.049999985552735646,0.0,0.09999999544516529,0.0,0.0,0.09999998579706239,0.0,0.09999999217383795,1,20260216_133449_gamma=10_sB=0.1_lB=0.1_Max_diff=0.05_VOL=all_VolMeth=rv,10,999
2014-05-16,0.02428339706654924,0.0,0.0,0.015313998582864191,0.0,0.05596247849776283,0.0,0.0030079888575514626,1,20260216_133449_gamma=10_sB=0.1_lB=0.1_Max_diff=0.05_VOL=all_VolMeth=rv,10,999
2014-06-20,0.026231481186383344,0.0,0.09626430117993863,0.0,0.0,0.0999994209755619,0.0,0.0724954538693911,1,20260216_133449_gamma=10_sB=0.1_lB=0.1_Max_diff=0.05_VOL=all_VolMeth=rv,10,999
2014-07-18,0.04184790358851801,0.0,0.0,0.005212663018388162,0.0,0.017459973699157395,0.015232490259397253,0.0,1,20260216_133449_gamma=10_sB=0.1_lB=0.1_Max_diff=0.05_VOL=all_VolMeth=rv,10,999
2014-08-15,0.050000406907445956,0.0,0.09999993696803475,0.0,0.0,0.09999999999999998,0.0,0.09999994055895386,1,20260216_133449_gamma=10_sB=0.1_lB=0.1_Max_diff=0.05_VOL=all_VolMeth=rv,10,999
2014-09-19,0.0999996933676238,0.0,0.0500001780431002,0.0,0.0,0.09999999999999998,0.0,0.09999985613427761,1,20260216_133449_gamma=10_sB=0.1_lB=0.1_Max_diff=0.05_VOL=all_VolMeth=rv,10,999
2014-10-17,0.019734615173913842,0.0,0.0,0.03618348426279601,0.0,0.015462581899594353,0.03902726426085968,0.0,1,20260216_133449_gamma=10_sB=0.1_lB=0.1_Max_diff=0.05_VOL=all_VolMeth=rv,10,999
2014-11-21,0.021485857284302693,0.0,0.01816163567491285,0.0,0.0,0.07045669409812073,0.0,0.019191156592841537,10,20260216_133449_gamma=10_sB=0.1_lB=0.1_Max_diff=0.05_VOL=all_VolMeth=rv,10,999
2014-12-19,0.031276197829094916,0.0,0.0,0.012252471660000147,0.0,8.455085958920775e-06,0.029448181480074494,0.0,5,20260216_133449_gamma=10_sB=0.1_lB=0.1_Max_diff=0.05_VOL=all_VolMeth=rv,10,999
2015-01-16,0.006648411057038191,0.0,0.0,0.040141617448818605,0.0,4.807066021651182e-05,0.04248835273112539,0.0,1,20260216_133449_gamma=10_sB=0.1_lB=0.1_Max_diff=0.05_VOL=all_VolMeth=rv,10,999
2015-02-20,0.01730142399174401,0.0,0.0,0.006489858682919815,0.0,0.054202678562477825,0.0,0.006609170890020077,5,20260216_133449_gamma=10_sB=0.1_lB=0.1_Max_diff=0.05_VOL=all_VolMeth=rv,10,999
2015-03-20,0.05155588608556957,0.0,0.0,3.283941103447501e-06,0.0,0.01778809716831327,0.017604671275221407,0.0,10,20260216_133449_gamma=10_sB=0.1_lB=0.1_Max_diff=0.05_VOL=all_VolMeth=rv,10,999
2015-04-17,0.0298386772673904,0.0,0.0,0.009345521689445278,0.0,0.005962924693404107,0.025599854424029865,0.0,1,20260216_133449_gamma=10_sB=0.1_lB=0.1_Max_diff=0.05_VOL=all_VolMeth=rv,10,999
2015-05-15,0.05000006021316932,0.0,0.09999973679971015,0.0,0.0,0.09999992013612075,0.0,0.09999992013612075,1,20260216_133449_gamma=10_sB=0.1_lB=0.1_Max_diff=0.05_VOL=all_VolMeth=rv,10,999
2015-06-19,0.02950445894622642,0.0,0.0,2.2486542501472326e-06,0.0,0.023753910777952494,0.012329638559689196,0.0,10,20260216_133449_gamma=10_sB=0.1_lB=0.1_Max_diff=0.05_VOL=all_VolMeth=rv,10,999
2015-07-17,0.09999854981797116,0.0,0.05000088084226729,0.0,0.0,0.09999979013460983,0.0,0.09999979013460983,1,20260216_133449_gamma=10_sB=0.1_lB=0.1_Max_diff=0.05_VOL=all_VolMeth=rv,10,999
2015-08-21,0.03502782053683069,0.0,0.0,0.05756497254871508,0.0,1.4323905479120183e-06,0.07850808206541716,0.0,1,20260216_133449_gamma=10_sB=0.1_lB=0.1_Max_diff=0.05_VOL=all_VolMeth=rv,10,999
2015-09-18,0.020676789547565293,0.0,0.0,0.027198597380012592,0.0,1.0182383456320326e-06,0.04381960515790028,0.0,20,20260216_133449_gamma=10_sB=0.1_lB=0.1_Max_diff=0.05_VOL=all_VolMeth=rv,10,999
2015-10-16,0.038551083782622675,0.0,0.0,0.027895303536540333,0.0,0.009656263076681297,0.036916657538057264,0.0,60,20260216_133449_gamma=10_sB=0.1_lB=0.1_Max_diff=0.05_VOL=all_VolMeth=rv,10,999
2015-11-20,0.020819984768103858,0.0,0.0,0.013360560139344014,0.0,0.04812733161367188,0.0,0.009333152781015512,1,20260216_133449_gamma=10_sB=0.1_lB=0.1_Max_diff=0.05_VOL=all_VolMeth=rv,10,999
2015-12-18,0.02764940283387158,0.0,0.0,0.020583176194891587,0.0,1.066623276385418e-06,0.03774687904849506,0.0,1,20260216_133449_gamma=10_sB=0.1_lB=0.1_Max_diff=0.05_VOL=all_VolMeth=rv,10,999
2016-01-15,0.047038984810793966,0.0,0.004957460340546937,0.0,0.0,0.01617082957139056,0.028762311951440942,0.0,1,20260216_133449_gamma=10_sB=0.1_lB=0.1_Max_diff=0.05_VOL=all_VolMeth=rv,10,999
2016-02-19,0.0,0.09999999999999998,0.09999998802168888,0.0,0.0,0.0,0.0,0.049999739104098884,1,20260216_133449_gamma=10_sB=0.1_lB=0.1_Max_diff=0.05_VOL=all_VolMeth=rv,10,999
2016-03-18,0.010174834347992838,0.0,0.0,0.03566697122811012,0.0047182388741538635,0.0,0.031116822554297256,0.0,60,20260216_133449_gamma=10_sB=0.1_lB=0.1_Max_diff=0.05_VOL=all_VolMeth=rv,10,999
2016-04-15,0.05000009338255035,0.0,0.09999989012169591,0.0,0.0,0.09999999999999998,0.0,0.0999999332746028,1,20260216_133449_gamma=10_sB=0.1_lB=0.1_Max_diff=0.05_VOL=all_VolMeth=rv,10,999
2016-05-20,0.0006049687507943507,0.0,0.0,0.031649476770459484,0.0,0.004727862040920054,0.023393151366947047,0.0,10,20260216_133449_gamma=10_sB=0.1_lB=0.1_Max_diff=0.05_VOL=all_VolMeth=rv,10,999
2016-06-17,0.03219792300918424,0.0,0.03994622895972262,0.0,0.0,0.09999932116010418,0.0,0.02214420451048882,1,20260216_133449_gamma=10_sB=0.1_lB=0.1_Max_diff=0.05_VOL=all_VolMeth=rv,10,999
2016-07-15,0.04999993417004384,0.0,0.09999994593667101,0.0,0.0,0.09999995212819258,0.0,0.09999995212819258,1,20260216_133449_gamma=10_sB=0.1_lB=0.1_Max_diff=0.05_VOL=all_VolMeth=rv,10,999
2016-08-19,0.050000052694000395,0.0,0.0999999469701088,0.0,0.0,0.09999999161239252,0.0,0.09999998768657814,1,20260216_133449_gamma=10_sB=0.1_lB=0.1_Max_diff=0.05_VOL=all_VolMeth=rv,10,999
2016-09-16,0.057288082227312936,0.0,0.008860133155891195,0.0,0.0,0.09999959669320413,0.0,0.016147994745661174,1,20260216_133449_gamma=10_sB=0.1_lB=0.1_Max_diff=0.05_VOL=all_VolMeth=rv,10,999
2016-10-21,0.05000064345807727,0.0,0.099999378866833,0.0,0.0,0.09999999999999998,0.0,0.09999981082395207,1,20260216_133449_gamma=10_sB=0.1_lB=0.1_Max_diff=0.05_VOL=all_VolMeth=rv,10,999
2016-11-18,0.08030304998818064,0.0,0.06969743681161339,0.0,0.0,0.09999998282405587,0.0,0.09999995437869469,1,20260216_133449_gamma=10_sB=0.1_lB=0.1_Max_diff=0.05_VOL=all_VolMeth=rv,10,999
2016-12-16,0.07350594538142334,0.0,0.07648527771263022,0.0,0.0,0.09999970479327902,0.0,0.0999901600333286,1,20260216_133449_gamma=10_sB=0.1_lB=0.1_Max_diff=0.05_VOL=all_VolMeth=rv,10,999
2017-01-20,0.007732552905827688,0.0,0.0,0.010558234943405773,0.0,0.043993533735979674,0.0,0.0031810338024284377,10,20260216_133449_gamma=10_sB=0.1_lB=0.1_Max_diff=0.05_VOL=all_VolMeth=rv,10,999
2017-02-17,0.05572122675012279,0.0,0.09427875909622621,0.0,0.0,0.09999999243303043,0.0,0.09999999468984128,1,20260216_133449_gamma=10_sB=0.1_lB=0.1_Max_diff=0.05_VOL=all_VolMeth=rv,10,999
2017-03-17,0.080390199047212,0.0,0.06960828085988642,0.0,0.0,0.09999999999999998,0.0,0.09999811002822936,1,20260216_133449_gamma=10_sB=0.1_lB=0.1_Max_diff=0.05_VOL=all_VolMeth=rv,10,999
2017-04-21,0.0568112993963773,0.0,0.009237570613282294,0.0,0.0,0.0999998063590625,0.0,0.01604828007812072,1,20260216_133449_gamma=10_sB=0.1_lB=0.1_Max_diff=0.05_VOL=all_VolMeth=rv,10,999
2017-05-19,0.04950732269183431,0.0,0.0,0.01186705247993754,0.0,0.020180344304008467,0.020425093172885232,0.0,5,20260216_133449_gamma=10_sB=0.1_lB=0.1_Max_diff=0.05_VOL=all_VolMeth=rv,10,999
2017-06-16,0.05000116689317038,0.0,0.09999886341314622,0.0,0.0,0.09999999999999998,0.0,0.09999999058441525,1,20260216_133449_gamma=10_sB=0.1_lB=0.1_Max_diff=0.05_VOL=all_VolMeth=rv,10,999
2017-07-21,0.04999993454385106,0.0,0.09999993925059977,0.0,0.0,0.09999991409063588,0.0,0.09999991409063588,1,20260216_133449_gamma=10_sB=0.1_lB=0.1_Max_diff=0.05_VOL=all_VolMeth=rv,10,999
2017-08-18,0.04199615460438795,0.0,0.0999998214399176,0.0,0.0,0.09999994570576128,0.0,0.09199618982442999,1,20260216_133449_gamma=10_sB=0.1_lB=0.1_Max_diff=0.05_VOL=all_VolMeth=rv,10,999
2017-09-15,0.004176117022816703,0.0,0.09430095217562207,0.0,0.0,0.09999984705412931,0.0,0.0484778320614374,1,20260216_133449_gamma=10_sB=0.1_lB=0.1_Max_diff=0.05_VOL=all_VolMeth=rv,10,999
2017-10-20,0.055187248416113194,0.0,0.0033666588915121256,0.0,0.0,0.09999959804460497,0.0,0.008553356025158422,10,20260216_133449_gamma=10_sB=0.1_lB=0.1_Max_diff=0.05_VOL=all_VolMeth=rv,10,999
2017-11-17,0.029920423358299017,0.0,0.029567022422013516,0.0,0.0,0.09999825558182773,0.0,0.009488754481019379,1,20260216_133449_gamma=10_sB=0.1_lB=0.1_Max_diff=0.05_VOL=all_VolMeth=rv,10,999
2017-12-15,0.05377243972588334,0.0,0.026744902555299318,0.0,0.0,0.013075731803635025,0.006815091298909478,0.0,1,20260216_133449_gamma=10_sB=0.1_lB=0.1_Max_diff=0.05_VOL=all_VolMeth=rv,10,999
2018-01-19,0.04879576290827927,0.0,0.027372902740252187,0.0,0.0,0.04332181472667593,0.0,0.0003055819287042517,60,20260216_133449_gamma=10_sB=0.1_lB=0.1_Max_diff=0.05_VOL=all_VolMeth=rv,10,999
2018-02-16,0.049999940990017394,0.0,0.0999999796876418,0.0,0.0,0.09999995108983725,0.0,0.09999995108983725,1,20260216_133449_gamma=10_sB=0.1_lB=0.1_Max_diff=0.05_VOL=all_VolMeth=rv,10,999
2018-03-16,0.06351107054246825,0.0,0.08648973488074278,0.0,0.0,0.09999999730839995,0.0,0.09999999550109621,1,20260216_133449_gamma=10_sB=0.1_lB=0.1_Max_diff=0.05_VOL=all_VolMeth=rv,10,999
2018-04-20,0.0393337544830853,0.0,0.0,0.004730736267274231,0.0,0.011071103724303335,0.02641125466834389,0.0,60,20260216_133449_gamma=10_sB=0.1_lB=0.1_Max_diff=0.05_VOL=all_VolMeth=rv,10,999
2018-05-18,0.04997966309447561,0.0,0.029450149286643735,0.0,0.0,0.09999985583653064,0.0,0.029429914685344772,1,20260216_133449_gamma=10_sB=0.1_lB=0.1_Max_diff=0.05_VOL=all_VolMeth=rv,10,999
2018-06-15,0.05372374214932091,0.0,0.09627818065151457,0.0,0.0,0.09999999999999998,0.0,0.09999902055374515,1,20260216_133449_gamma=10_sB=0.1_lB=0.1_Max_diff=0.05_VOL=all_VolMeth=rv,10,999
2018-07-20,0.05000094089997117,0.0,0.09999866248161904,0.0,0.0,0.09999999999999998,0.0,0.09999924421431441,1,20260216_133449_gamma=10_sB=0.1_lB=0.1_Max_diff=0.05_VOL=all_VolMeth=rv,10,999
2018-08-17,0.03909523374663966,0.0,0.0,2.7080172328506697e-06,0.0,0.05685125842343443,0.0,0.008865436616746467,1,20260216_133449_gamma=10_sB=0.1_lB=0.1_Max_diff=0.05_VOL=all_VolMeth=rv,10,999
2018-09-21,0.09905166198411684,0.0,0.05094847984502479,0.0,0.0,0.09999999999999998,0.0,0.09999991563152022,1,20260216_133449_gamma=10_sB=0.1_lB=0.1_Max_diff=0.05_VOL=all_VolMeth=rv,10,999
2018-10-19,0.0999998899971933,0.0,0.0500001358231859,0.0,0.0,0.09999999999999998,0.0,0.09999997554828624,1,20260216_133449_gamma=10_sB=0.1_lB=0.1_Max_diff=0.05_VOL=all_VolMeth=rv,10,999
2018-11-16,0.06431329287171955,0.0,0.08568217358125342,0.0,0.0,0.09999724130745367,0.0,0.09999800629476803,1,20260216_133449_gamma=10_sB=0.1_lB=0.1_Max_diff=0.05_VOL=all_VolMeth=rv,10,999
2018-12-21,0.008117917623543183,0.0,0.0,0.027823211078765658,0.0,2.3848704992732165e-06,0.03895624697059604,0.0,1,20260216_133449_gamma=10_sB=0.1_lB=0.1_Max_diff=0.05_VOL=all_VolMeth=rv,10,999
2019-01-18,0.026257865006637293,0.0,0.0,0.011570321256827118,0.0,4.4096260942982285e-06,0.030746174132855117,0.0,20,20260216_133449_gamma=10_sB=0.1_lB=0.1_Max_diff=0.05_VOL=all_VolMeth=rv,10,999
2019-02-15,0.04150252312430509,0.0,0.0,0.006826490572096844,0.0,0.012342076295220218,0.02433339762213306,0.0,60,20260216_133449_gamma=10_sB=0.1_lB=0.1_Max_diff=0.05_VOL=all_VolMeth=rv,10,999
2019-03-15,0.05422668561254779,0.0,0.026487849825641247,0.0,0.0,0.012203103607646424,0.008055348625238263,0.0,60,20260216_133449_gamma=10_sB=0.1_lB=0.1_Max_diff=0.05_VOL=all_VolMeth=rv,10,999
2019-04-18,0.059992246775789175,0.0,0.0900077539497327,0.0,0.0,0.09999995351675169,0.0,0.09999994774869672,1,20260216_133449_gamma=10_sB=0.1_lB=0.1_Max_diff=0.05_VOL=all_VolMeth=rv,10,999
2019-05-17,0.004113048451518358,0.0,0.0,0.08129783679931558,1.0757239034206096e-06,0.0,0.055641532534810356,0.0,5,20260216_133449_gamma=10_sB=0.1_lB=0.1_Max_diff=0.05_VOL=all_VolMeth=rv,10,999
2019-06-21,0.07814739292718947,0.0,0.07185257435317355,0.0,0.0,0.09999998191503594,0.0,0.09999996710172954,1,20260216_133449_gamma=10_sB=0.1_lB=0.1_Max_diff=0.05_VOL=all_VolMeth=rv,10,999
2019-07-19,0.023352984554097525,0.0,0.0,0.011900645354255062,0.0,0.016245108990703284,0.015212715906241922,0.0,60,20260216_133449_gamma=10_sB=0.1_lB=0.1_Max_diff=0.05_VOL=all_VolMeth=rv,10,999
2019-08-16,0.007696553264871674,0.0,0.0,0.09992613410601522,0.00012759924247496277,0.0,0.07269735232581691,0.0,5,20260216_133449_gamma=10_sB=0.1_lB=0.1_Max_diff=0.05_VOL=all_VolMeth=rv,10,999
2019-09-20,0.039479809244175726,0.0,0.05660967124425472,0.0,0.0,0.09999977564210204,0.0,0.04608960205124364,5,20260216_133449_gamma=10_sB=0.1_lB=0.1_Max_diff=0.05_VOL=all_VolMeth=rv,10,999
2019-10-18,0.025391892881922503,0.0,0.0,0.04372680563326574,0.0,0.008515643883279586,0.03619292497826183,0.0,60,20260216_133449_gamma=10_sB=0.1_lB=0.1_Max_diff=0.05_VOL=all_VolMeth=rv,10,999
2019-11-15,0.05686974171988481,0.0,0.0,2.0690791385734288e-06,0.0,0.08766986217287154,0.0,0.019197071551299752,10,20260216_133449_gamma=10_sB=0.1_lB=0.1_Max_diff=0.05_VOL=all_VolMeth=rv,10,999
2019-12-20,0.05296177894295,0.0,0.02690313603600696,0.0,0.0,0.024344718929227384,0.008790481362474257,0.0,60,20260216_133449_gamma=10_sB=0.1_lB=0.1_Max_diff=0.05_VOL=all_VolMeth=rv,10,999
2020-01-17,0.02408865089297468,0.0,0.0,0.01298298038811164,0.0,0.046786922310589424,0.0,0.0014968388250832555,1,20260216_133449_gamma=10_sB=0.1_lB=0.1_Max_diff=0.05_VOL=all_VolMeth=rv,10,999
2020-02-21,0.009536646405879045,0.0,0.0,0.06573166834634467,0.0,0.005152883620827086,0.04421996018145346,0.0,1,20260216_133449_gamma=10_sB=0.1_lB=0.1_Max_diff=0.05_VOL=all_VolMeth=rv,10,999
2020-03-20,0.03368029635159796,0.0,0.0,0.03929105764602003,0.0,0.0,0.07175200541207791,0.0,10,20260216_133449_gamma=10_sB=0.1_lB=0.1_Max_diff=0.05_VOL=all_VolMeth=rv,10,999
2020-04-17,0.032732852044307766,0.0,0.0,0.05812346211900287,0.0,1.4162990614097202e-05,0.07251661622835025,0.0,30,20260216_133449_gamma=10_sB=0.1_lB=0.1_Max_diff=0.05_VOL=all_VolMeth=rv,10,999
2020-05-15,0.0499998057696413,0.0,0.09999917277008066,0.0,0.0,0.09999991812619702,0.0,0.09999920734805476,1,20260216_133449_gamma=10_sB=0.1_lB=0.1_Max_diff=0.05_VOL=all_VolMeth=rv,10,999
2020-06-19,0.03644208031981834,0.0,0.09999990735051238,0.0,0.0,0.09999992033450539,0.0,0.08644202799564617,1,20260216_133449_gamma=10_sB=0.1_lB=0.1_Max_diff=0.05_VOL=all_VolMeth=rv,10,999
2020-07-17,0.04999980750628991,0.0,0.09999980845012112,0.0,0.0,0.09999972277142143,0.0,0.09999978748014444,1,20260216_133449_gamma=10_sB=0.1_lB=0.1_Max_diff=0.05_VOL=all_VolMeth=rv,10,999
2020-08-21,0.0499982448877339,0.0,0.09999966528185064,0.0,0.0,0.09999994163973878,0.0,0.09999790075849256,5,20260216_133449_gamma=10_sB=0.1_lB=0.1_Max_diff=0.05_VOL=all_VolMeth=rv,10,999
2020-09-18,0.019664133955826495,0.0,0.0,0.024485625320139193,0.0,0.012458330684492955,0.02809527304167671,0.0,10,20260216_133449_gamma=10_sB=0.1_lB=0.1_Max_diff=0.05_VOL=all_VolMeth=rv,10,999
2020-10-16,0.0,0.09999999999999998,0.09999982908074549,0.0,0.0,0.0,0.0,0.049999742163761435,1,20260216_133449_gamma=10_sB=0.1_lB=0.1_Max_diff=0.05_VOL=all_VolMeth=rv,10,999
2020-11-20,0.03892856121261931,0.0,0.0,5.805342028290743e-06,0.0,0.019108589916204625,0.026082466346489166,0.0,20,20260216_133449_gamma=10_sB=0.1_lB=0.1_Max_diff=0.05_VOL=all_VolMeth=rv,10,999
2020-12-18,0.045201579537533586,0.0,0.09930398493220696,0.0,0.0,0.09999987095647346,0.0,0.09450568516500207,1,20260216_133449_gamma=10_sB=0.1_lB=0.1_Max_diff=0.05_VOL=all_VolMeth=rv,10,999
2021-01-15,0.042453761625038514,0.0,0.08926525780682172,0.0,0.0,0.09999999313621662,0.0,0.08171902416708442,5,20260216_133449_gamma=10_sB=0.1_lB=0.1_Max_diff=0.05_VOL=all_VolMeth=rv,10,999
2021-02-19,0.049999507933041205,0.0,0.09999977906558939,0.0,0.0,0.09999982820148648,0.0,0.0999996103757298,5,20260216_133449_gamma=10_sB=0.1_lB=0.1_Max_diff=0.05_VOL=all_VolMeth=rv,10,999
2021-03-19,0.04999576639282571,0.0,0.09999987074782624,0.0,0.0,0.09999999999999998,0.0,0.09999545332310869,1,20260216_133449_gamma=10_sB=0.1_lB=0.1_Max_diff=0.05_VOL=all_VolMeth=rv,10,999
2021-04-16,0.03529112238393579,0.0,0.06818070723235808,0.0,0.0,0.09999989231048653,0.0,0.05347231706122985,1,20260216_133449_gamma=10_sB=0.1_lB=0.1_Max_diff=0.05_VOL=all_VolMeth=rv,10,999
2021-05-21,0.05000003614880942,0.0,0.09999988712874565,0.0,0.0,0.09999999999999998,0.0,0.0999998797547145,1,20260216_133449_gamma=10_sB=0.1_lB=0.1_Max_diff=0.05_VOL=all_VolMeth=rv,10,999
2021-06-17,0.032109479331551845,0.0,0.0768337821660736,0.0,0.0,0.0999997819544818,0.0,0.058942180912530756,5,20260216_133449_gamma=10_sB=0.1_lB=0.1_Max_diff=0.05_VOL=all_VolMeth=rv,10,999
2021-07-16,0.0591532715393645,0.0,0.004323335175756032,0.0,0.0,0.09999982380292693,0.0,0.013476042585917352,5,20260216_133449_gamma=10_sB=0.1_lB=0.1_Max_diff=0.05_VOL=all_VolMeth=rv,10,999
2021-08-20,0.07426149847631228,0.0,0.0,0.034457575388655674,0.0,0.09999936682684733,0.010195756369949814,0.0,20,20260216_133449_gamma=10_sB=0.1_lB=0.1_Max_diff=0.05_VOL=all_VolMeth=rv,10,999
2021-09-17,0.06438547454120598,0.0,0.0,0.01777259457499093,0.0,0.09999909056724898,0.0033861570214000444,0.0,30,20260216_133449_gamma=10_sB=0.1_lB=0.1_Max_diff=0.05_VOL=all_VolMeth=rv,10,999
2021-10-15,0.05354314618950984,0.0,0.0033421959169368997,0.0,0.0,0.038528631729799985,0.012391682470767842,0.0,20,20260216_133449_gamma=10_sB=0.1_lB=0.1_Max_diff=0.05_VOL=all_VolMeth=rv,10,999
2021-11-19,0.05000040352671398,0.0,0.09999910728729387,0.0,0.0,0.09999961629985246,0.0,0.09999991589122512,1,20260216_133449_gamma=10_sB=0.1_lB=0.1_Max_diff=0.05_VOL=all_VolMeth=rv,10,999
2021-12-17,0.02706817143162331,0.0,0.0,0.09169691726388354,0.0,0.02847861906511728,0.059523636141712494,0.0,20,20260216_133449_gamma=10_sB=0.1_lB=0.1_Max_diff=0.05_VOL=all_VolMeth=rv,10,999
2022-01-21,0.004402057196576602,0.0,0.0,0.05438903114981087,0.0,0.0,0.05355689630189999,0.0,1,20260216_133449_gamma=10_sB=0.1_lB=0.1_Max_diff=0.05_VOL=all_VolMeth=rv,10,999
2022-02-18,0.062134018808542864,0.0,0.01444604401209729,0.0,0.0,0.09999878475079944,0.0,0.026581103077001345,1,20260216_133449_gamma=10_sB=0.1_lB=0.1_Max_diff=0.05_VOL=all_VolMeth=rv,10,999
2022-03-18,0.05030427359019862,0.0,0.0,0.0067146626247584305,0.0,0.019661997493174595,0.03264857550091905,0.0,10,20260216_133449_gamma=10_sB=0.1_lB=0.1_Max_diff=0.05_VOL=all_VolMeth=rv,10,999
2022-04-14,0.0,0.0,0.0,0.057293062206750824,0.0,0.004283709810807466,0.0443923687989541,0.0,60,20260216_133449_gamma=10_sB=0.1_lB=0.1_Max_diff=0.05_VOL=all_VolMeth=rv,10,999
2022-05-20,0.09999981284730286,0.0,0.04999966084423629,0.0,0.0,0.09999977627726667,0.0,0.09999977627726667,1,20260216_133449_gamma=10_sB=0.1_lB=0.1_Max_diff=0.05_VOL=all_VolMeth=rv,10,999
2022-06-17,0.049997852483292894,0.0,0.09999790872791056,0.0,0.0,0.0999973711417172,0.0,0.09999790541168137,1,20260216_133449_gamma=10_sB=0.1_lB=0.1_Max_diff=0.05_VOL=all_VolMeth=rv,10,999
2022-07-15,0.006066150447300606,0.0,0.0,0.07435137814160289,0.0,1.5856643953015366e-06,0.0681636116201897,0.0,1,20260216_133449_gamma=10_sB=0.1_lB=0.1_Max_diff=0.05_VOL=all_VolMeth=rv,10,999
2022-08-19,0.0,9.628743264311833e-06,0.0,0.03721347108994273,0.009901126419993193,0.0,0.0435995389487366,0.0,60,20260216_133449_gamma=10_sB=0.1_lB=0.1_Max_diff=0.05_VOL=all_VolMeth=rv,10,999
2022-09-16,0.06470281421458689,0.0,0.07915478588040994,0.0,0.0,0.09999953252200541,0.0,0.09385792879050014,1,20260216_133449_gamma=10_sB=0.1_lB=0.1_Max_diff=0.05_VOL=all_VolMeth=rv,10,999
2022-10-21,3.754548365273115e-05,0.0,0.0,0.039306067917738656,0.01234697335233633,0.0,0.05408041735982332,0.0,1,20260216_133449_gamma=10_sB=0.1_lB=0.1_Max_diff=0.05_VOL=all_VolMeth=rv,10,999
2022-11-18,0.06818978231927957,0.0,0.08180959202246801,0.0,0.0,0.09999969525046766,0.0,0.09999974713604871,1,20260216_133449_gamma=10_sB=0.1_lB=0.1_Max_diff=0.05_VOL=all_VolMeth=rv,10,999
2022-12-16,0.0,1.2868655710881769e-05,0.0,0.025910979224694597,0.004733991507004637,0.0,0.039250393049583686,0.0,60,20260216_133449_gamma=10_sB=0.1_lB=0.1_Max_diff=0.05_VOL=all_VolMeth=rv,10,999
2023-01-20,0.0,4.203980675786852e-06,0.0,0.032989510432839014,0.012642563255675001,0.0,0.04814610808895815,0.0,1,20260216_133449_gamma=10_sB=0.1_lB=0.1_Max_diff=0.05_VOL=all_VolMeth=rv,10,999
2023-02-17,0.0510312352230238,0.0,0.09896869138397156,0.0,0.0,0.09999993150936803,0.0,0.09999996881414165,1,20260216_133449_gamma=10_sB=0.1_lB=0.1_Max_diff=0.05_VOL=all_VolMeth=rv,10,999
2023-03-17,0.0,0.0,0.0,0.06054345963276949,0.0,0.020733267992498177,0.03128133190411862,0.0,30,20260216_133449_gamma=10_sB=0.1_lB=0.1_Max_diff=0.05_VOL=all_VolMeth=rv,10,999
2023-04-21,0.06432657170776092,0.0,0.08566427144978153,0.0,0.0,0.09999985352146612,0.0,0.09999164750332841,5,20260216_133449_gamma=10_sB=0.1_lB=0.1_Max_diff=0.05_VOL=all_VolMeth=rv,10,999
2023-05-19,0.050000040577734516,0.0,0.09999994364281152,0.0,0.0,0.09999999999999998,0.0,0.099999975089828,1,20260216_133449_gamma=10_sB=0.1_lB=0.1_Max_diff=0.05_VOL=all_VolMeth=rv,10,999
2023-06-16,0.02486958460117512,0.0,0.01849932865392136,0.0,0.0,0.044538026737585334,0.0,0.0488303665394167,1,20260216_133449_gamma=10_sB=0.1_lB=0.1_Max_diff=0.05_VOL=all_VolMeth=rv,10,999
2023-07-21,0.05000061608589102,0.0,0.09999945039459843,0.0,0.0,0.09999999999999998,0.0,0.09999996625362673,1,20260216_133449_gamma=10_sB=0.1_lB=0.1_Max_diff=0.05_VOL=all_VolMeth=rv,10,999
2023-08-18,0.0500001811703419,0.0,0.09999957198538356,0.0,0.0,0.0999996438288608,0.0,0.0999996438288608,1,20260216_133449_gamma=10_sB=0.1_lB=0.1_Max_diff=0.05_VOL=all_VolMeth=rv,10,999
2023-09-15,0.03961894650879436,0.0,0.0,0.007782470047512882,0.0,0.008981032433629603,0.028448525207063282,0.0,1,20260216_133449_gamma=10_sB=0.1_lB=0.1_Max_diff=0.05_VOL=all_VolMeth=rv,10,999
2023-10-20,0.012329476068549852,0.0,0.0,0.03876377616268287,0.0,0.006230708280004492,0.044701752419579764,0.0,1,20260216_133449_gamma=10_sB=0.1_lB=0.1_Max_diff=0.05_VOL=all_VolMeth=rv,10,999
2023-11-17,0.0500000136238106,0.0,0.0999999548748027,0.0,0.0,0.09999997979851592,0.0,0.09999999332974897,1,20260216_133449_gamma=10_sB=0.1_lB=0.1_Max_diff=0.05_VOL=all_VolMeth=rv,10,999
2023-12-15,0.09999919611372357,0.0,0.05000188871862304,0.0,0.0,0.09999999999999998,0.0,0.09999984101601667,1,20260216_133449_gamma=10_sB=0.1_lB=0.1_Max_diff=0.05_VOL=all_VolMeth=rv,10,999
2024-01-19,0.026895607682120192,0.0,0.0,1.2185319301806057e-06,0.001166006370765689,0.0,0.020450655473360415,0.0,1,20260216_133449_gamma=10_sB=0.1_lB=0.1_Max_diff=0.05_VOL=all_VolMeth=rv,10,999
2024-02-16,0.032204264231101495,0.0,0.03263821246154561,0.0,0.0,0.00862398127704613,0.0021321665808057637,0.0,5,20260216_133449_gamma=10_sB=0.1_lB=0.1_Max_diff=0.05_VOL=all_VolMeth=rv,10,999
2024-03-15,0.0064416119302686545,0.0,0.0,0.008518178213453279,0.0,0.012607381666088501,0.0007461741200024188,0.0,5,20260216_133449_gamma=10_sB=0.1_lB=0.1_Max_diff=0.05_VOL=all_VolMeth=rv,10,999
2024-04-19,0.0,0.003844153805302401,0.0,0.009772154810069239,0.0,0.010297549794386763,0.0,0.0,30,20260216_133449_gamma=10_sB=0.1_lB=0.1_Max_diff=0.05_VOL=all_VolMeth=rv,10,999
2024-05-17,0.053710219818595396,0.0,0.09628814664758469,0.0,0.0,0.09999900629763808,0.0,0.09999946516153291,1,20260216_133449_gamma=10_sB=0.1_lB=0.1_Max_diff=0.05_VOL=all_VolMeth=rv,10,999
2024-06-21,0.08899919906034814,0.0,0.0610007786584637,0.0,0.0,0.09999999446265807,0.0,0.09999998681097519,1,20260216_133449_gamma=10_sB=0.1_lB=0.1_Max_diff=0.05_VOL=all_VolMeth=rv,10,999
2024-07-19,0.01220184601013151,0.0,0.0,0.017848796496258573,0.0,0.02654297167679617,0.0,0.0,30,20260216_133449_gamma=10_sB=0.1_lB=0.1_Max_diff=0.05_VOL=all_VolMeth=rv,10,999
2024-08-16,0.09346328794294281,0.0,0.056536339284002764,0.0,0.0,0.09999983347040428,0.0,0.0999998652521959,1,20260216_133449_gamma=10_sB=0.1_lB=0.1_Max_diff=0.05_VOL=all_VolMeth=rv,10,999
2024-09-20,0.050006333453105255,0.0,0.09999315506879264,0.0,0.0,0.0999997674185157,0.0,0.09999971239453237,1,20260216_133449_gamma=10_sB=0.1_lB=0.1_Max_diff=0.05_VOL=all_VolMeth=rv,10,999
2024-10-18,0.04940913079093379,0.0,0.01848442133133424,0.0,0.0,0.07587833802847814,0.0,0.04201450083998982,1,20260216_133449_gamma=10_sB=0.1_lB=0.1_Max_diff=0.05_VOL=all_VolMeth=rv,10,999
2024-11-15,0.01990628652225664,0.0,0.0,0.05792877898117397,0.0,0.0034375831211543918,0.05535277612593121,0.0,1,20260216_133449_gamma=10_sB=0.1_lB=0.1_Max_diff=0.05_VOL=all_VolMeth=rv,10,999
2024-12-20,0.02957189475484472,0.0,0.0,0.03916485104273916,0.0,0.006208965003894363,0.04707645503187397,0.0,5,20260216_133449_gamma=10_sB=0.1_lB=0.1_Max_diff=0.05_VOL=all_VolMeth=rv,10,999
2025-01-17,0.0280238894270821,0.0,0.00037043342603844913,0.0,0.0,0.006884831215903861,0.024655803962644402,0.0,20,20260216_133449_gamma=10_sB=0.1_lB=0.1_Max_diff=0.05_VOL=all_VolMeth=rv,10,999
2025-02-21,0.013666503648556446,0.0,0.0,0.07366882444117005,0.005929536765736608,0.0,0.05809240099415099,0.0,1,20260216_133449_gamma=10_sB=0.1_lB=0.1_Max_diff=0.05_VOL=all_VolMeth=rv,10,999
2025-03-21,0.05000029456657828,0.0,0.0999998458684888,0.0,0.0,0.09999999999999998,0.0,0.09999969382604534,1,20260216_133449_gamma=10_sB=0.1_lB=0.1_Max_diff=0.05_VOL=all_VolMeth=rv,10,999
2025-04-17,0.05000187164931012,0.0,0.09999691377151719,0.0,0.0,0.09999921395549156,0.0,0.09999973835355233,1,20260216_133449_gamma=10_sB=0.1_lB=0.1_Max_diff=0.05_VOL=all_VolMeth=rv,10,999
2025-05-16,0.050767317922025545,0.0,0.0,5.665636163440992e-06,0.0,0.007411531617440776,0.03201578780979449,0.0,30,20260216_133449_gamma=10_sB=0.1_lB=0.1_Max_diff=0.05_VOL=all_VolMeth=rv,10,999
2025-06-20,0.07981990429883629,0.0,0.07018002589972083,0.0,0.0,0.09999995974307788,0.0,0.09999996380125342,1,20260216_133449_gamma=10_sB=0.1_lB=0.1_Max_diff=0.05_VOL=all_VolMeth=rv,10,999
2025-07-18,0.09999784157520736,0.0,0.049991801750003756,0.0,0.0,0.09999999999999998,0.0,0.09998939703231938,1,20260216_133449_gamma=10_sB=0.1_lB=0.1_Max_diff=0.05_VOL=all_VolMeth=rv,10,999
2025-08-15,0.05000234344636715,0.0,0.09999569396642072,0.0,0.0,0.09999996531485941,0.0,0.09999784657973108,1,20260216_133449_gamma=10_sB=0.1_lB=0.1_Max_diff=0.05_VOL=all_VolMeth=rv,10,999
2025-09-19,0.009774153975276435,0.0,0.0,0.0006229827961501654,0.0,0.0330124118994232,0.0,0.02613627738214202,5,20260216_133449_gamma=10_sB=0.1_lB=0.1_Max_diff=0.05_VOL=all_VolMeth=rv,10,999
2025-10-17,0.06913130815636782,0.0,0.017882210329950275,0.0,0.0,0.09999859805594487,0.0,0.03701496390947024,1,20260216_133449_gamma=10_sB=0.1_lB=0.1_Max_diff=0.05_VOL=all_VolMeth=rv,10,999
2025-11-21,0.01765508759067301,0.0,0.0,0.034842592657522604,0.0,0.029199833630380298,0.011101352035493334,0.0,60,20260216_133449_gamma=10_sB=0.1_lB=0.1_Max_diff=0.05_VOL=all_VolMeth=rv,10,999
